,number
유튜브,55
,51
위로,43
한국에세이,35
 인생,34
 작가,34
인생,32
자녀교육,32
 사랑,29
코로나,29
 상처,26
주식투자,26
내신,26
사랑,26
세계고전문학,26
 내면,25
레시피,25
 멘토,25
합격,24
실전 모의고사,24
 소설,24
 행복,23
육아법,23
 유튜브,22
 성공,22
 재테크,22
 수익,22
 가이드북,22
 하나님,22
 감정,21
 습관,21
 인간관계,21
 투자자,21
하나님,20
 스마트폰,20
투자자,20
 마음,20
감정,19
 다항식,19
 코로나,19
 교회,19
 공감,18
한국소설,18
재테크,18
 에세이,18
 자본주의,17
 솔루션,17
소설,17
그리스도인,17
 불안,16
 모바일,16
 여행가이드북,16
 여행가이드,16
셰프,16
 시인,15
에세이,15
 관계,15
성경,15
 주식 시장,15
베이커리,14
역사,14
 조동사,14
인공지능,14
 초보 투자자,14
 자존감,14
 아마존,14
유리수,14
 나머지 정리,14
철학,14
 부자,14
 삶,13
 심리학,13
내면,13
 일러스트,13
심리학,13
작가,13
 초등영어,13
 투자,13
미술사,13
 종목,13
 일상,13
자기관리,13
 심플,13
 일본,13
 방정식,13
문항,13
 형용사,12
 전치사,12
 변화,12
 중학,12
 메소드,12
악보,12
인체,12
 그래프,12
 대한민국,12
 영화원작소설,12
 어휘,12
 명사,12
우주,12
 위로,12
 묵상,12
 국내여행,12
연주,12
 그림,12
 클래스,11
 주식,11
 부자되는법,11
 그리스도인,11
 빈출,11
 한국에세이,11
 유산소,11
 부등식,11
 미스터리,11
여행,11
다이어트,11
 건강,11
 부동산,10
정답,10
웹툰,10
 루틴,10
여행에세이,10
 목사,10
 신앙생활,10
활성산소,10
단기 합격,10
 질병,10
하버드,10
 심리,10
 예수,10
 유럽여행,10
교과서,10
 복음,10
 성장소설,10
커머스,10
 어린이,10
 지혜,10
 인공지능,10
 장편소설,10
행복,10
 질문,9
 대화,9
 용기,9
편곡,9
영단어,9
 브런치,9
 철학자,9
 인류,9
 노화,9
 부모,9
 투자 전략,9
프로그래밍,9
 중학교,9
피아노,9
 아이,9
 공부법,9
 소인수 분해,9
 소설집,9
부자,9
 스토리텔링,9
영미소설,9
 성적 분석 서비스,9
유럽,9
 화술,9
 직장인,9
 우주,9
 커리어,9
스피킹,9
기출문제,9
 응원,9
시집,9
 일상 회화,9
 단기 합격,9
 작품,8
인간관계,8
모의고사,8
 미래,8
 에디션,8
 맛집,8
 토마토,8
 서드,8
 엄마,8
 문장,8
동사,8
 샐러드,8
 타인,8
 철학,8
 네이티브,8
 건강상식,8
 영국,8
 디톡스,8
 음표,8
교회,8
 자기계발,8
 과학이야기,8
 셰프,8
 죽음,8
 성장,8
 스티커북,8
 실습,8
컬러링,8
 SF소설,8
 서울대,8
 경제전망,8
 아인슈타인,8
 지문,8
 우울증,8
 한국현대소설,8
그림,8
 한식,8
제주시,8
 스케치,8
 자기혁신,8
 문항,8
 부모교육,8
 인스타그램,7
 최신 기출문제,7
 이유식,7
 종교,7
 기출,7
영성,7
 서울시,7
심플,7
 도안,7
수익,7
 과학,7
 집밥,7
 경제학자,7
커리어,7
 경제,7
성공,7
혁신,7
 마더,7
 교과서 반영,7
 체르니,7
 비극,7
 음계,7
 비즈니스,7
 스콘,7
 최소공배수,7
 해부학,7
부동산,7
 소고기,7
 노하우,7
 부위,7
중국,7
 이탈리아,7
로드맵,7
 살인사건,7
 교양과학,7
조선,7
 주식투자,7
 공무원 시험,7
 현대시,7
 노벨문학상,7
 독해,7
도안,7
 상상력,7
 노트,7
 소설가,7
다이어터,7
 레시피,7
 니체,7
 육아,7
 쿼리,7
시인,7
 성경,7
 프레임워크,7
 식단,7
 파이썬,7
 반 동사,7
 사역,7
 부동산 투자,7
철학자,7
 피아노,7
마케팅,7
 코칭,7
 슬픔,7
 표현,6
 미국소설,6
 수능,6
 단어,6
 고전,6
 예수 그리스도,6
 워머,6
 디자인,6
수능,6
 비트코인,6
 일차 방정식,6
 연애,6
 제주도,6
 소크라테스,6
과학이야기,6
 영단,6
 성도,6
 스타트업,6
 스릴러소설,6
 전략,6
 유럽,6
 양자 역학,6
일본,6
 양배추,6
 게이츠,6
 문학,6
 자산관리,6
 술,6
 내장,6
 코바늘,6
 판타지,6
 프랑스,6
 기후 변화,6
경제학자,6
 교본,6
 회독,6
 메타,6
 거듭남,6
 영어,6
 대화법,6
뜨개,6
 공부,6
 인수 분해,6
 판타지소설,6
 나폴레옹,6
 기술,6
 트라우마,6
 상품,6
 자유,6
 인문학,6
 로드맵,6
 다이어트,6
 삼성전자,6
 스트리밍,6
 부산,6
베이직,6
 투자가이드,6
 시험지,6
 중국,6
 거래량,6
 밀리언셀러,6
 신학,6
 리더십,6
묵상,6
 정답,6
 내기,6
 최대공약수,6
 연립,6
 미국여행,6
 통찰,6
 개인,6
소설집,6
 한라산,6
 동사,6
 아이 마음,6
 예술가,6
 가타카나,6
교양수학,6
 원어민,6
다이어리,6
 미국,6
 식습관,6
 코스,6
방정식,6
 예비엄마,6
 영문법,6
 어린이음악교본,6
 디자이너,6
 스무디,6
 크리에이터,5
 수행평가,5
생명,5
 운동,5
프레임워크,5
 베스트,5
 크리스마스,5
 가치 투자,5
 교리,5
 케이스,5
 사유,5
 문형,5
 답안지,5
반려동물,5
일본소설,5
 음식,5
 사람,5
 부사,5
 영미소설,5
 조선,5
 고구마,5
유아,5
 블록체인,5
 아일랜드,5
비트코인,5
 기출 변형 문제,5
 스터디,5
 예상 문제,5
성장,5
 청해,5
 자연,5
그림책,5
 만화,5
 수험,5
 네이처,5
 무기력,5
 평등,5
뇌과학,5
플라워,5
 식물,5
 미드,5
관계,5
 일반 동사,5
 단백질,5
 대림절,5
 자전적에세이,5
 경제학,5
 법칙,5
 면접,5
 가디언,5
 덧줄,5
멘토,5
 현대 미술,5
요리레시피,5
 바이엘,5
 말씀,5
 퍼즐,5
 과년,5
 지구,5
 종잣돈,5
 무리 함수,5
 하나님 나라,5
인문교양서,5
노동자,5
 프로그래밍,5
 도서,5
 일본여행,5
 메이플,5
 티라미수,5
 욕망,5
 덮밥,5
 플러그인,5
 공략,5
 프리,5
히라가나,5
 디지털,5
 교양심리,5
 행성,5
 편곡,5
 육아법,5
 갈릴레오,5
 시집,5
연애,5
 자격증,5
 자존,5
 한국시,5
 보카,5
 실기,5
 스피킹,5
 진단 평가,5
 영혼,5
 영어회화,5
우울증,5
 번역,5
 회차,5
 정보 능력,5
 머랭,5
 내신 만점,5
 넷플릭스,5
 청와대,5
 음반,5
 언어,5
 북한,5
 페이스트리,5
비즈니스,5
 소스,5
 여행에세이,5
 뜨개질,5
 에너지,5
 필답,5
반 동사,5
 자녀교육,5
 드로잉,5
 하체,5
 스윙,5
 투자전략,5
 문제 행동,5
 체지방,5
 초등,5
 척추,5
 성찰,5
글쓰기,5
 신념,5
 공무원,5
 위드,5
 유리함수,5
 데이터,5
 요리,5
서울시,5
 코로나 시대,5
 임신,5
 낱말,5
 은혜,5
 사회문제,5
 천문학,5
 회복,5
 시간 효율,5
 파트,5
 감성에세이,5
손뜨개,5
 커핑,5
 책읽기,5
 보건,5
 정책 평가,5
 유의어,5
 이유,5
 목회,5
 딥러닝,5
 건축,5
 접속사,5
 잡스,5
 화가,5
 기도문,5
 우울,5
 배색,5
 희망,5
 불평등,5
 식재료,5
파이썬,5
생두,5
단어장,5
 이별,5
 인문교양,5
슈뢰딩거,5
 분산 투자,5
 월스트리트,5
 예술,5
지혜,5
 학습교육,5
 인사이트,5
제주,5
 금강,5
 보어,5
 프레스,5
 세계여행,4
 카카오,4
 단식,4
 아이리시,4
창업,4
 기도,4
 스턴스,4
 자기관리,4
 프로토타입,4
 국어 영역,4
 삼각함수,4
 검찰,4
 손흥민,4
죽음,4
 런던,4
 과락,4
 심리치료,4
 함수,4
 지수 함수,4
 매매,4
명상,4
 확률,4
 고민,4
 스페인,4
 동작,4
 색연필,4
 반죽,4
 스피드,4
일러스트,4
 감염병,4
부사,4
 쇼콜라,4
 새송이,4
카네기,4
 진실,4
자본주의,4
 업그레이드,4
 한국어,4
 운동 프로그램,4
 예배,4
 글쓰기,4
 핵심 요약,4
 상호 작용,4
 성육신,4
 여행지,4
 희곡,4
 생활 습관,4
 문학상,4
 성공 철학,4
 언어 지식,4
환경,4
 문제,4
 실전 테스트,4
 회로,4
 성공법,4
 연주,4
 증권 시장,4
 케플러,4
 설계,4
 산문,4
스피치,4
 염불,4
 로직,4
드로잉,4
 다윈,4
 반 고흐,4
 패러다임,4
 분자,4
 타임스,4
포토샵,4
 마켓,4
 필기 시험,4
 압축,4
 파울리,4
 장기 투자,4
 단기간 합격,4
 아이디어,4
 아이밥상,4
 항암,4
 시크릿,4
페미니즘,4
 어른,4
 증시,4
 최종 마무리,4
 물리학,4
 학습 공동체,4
물리학,4
주식,4
 합격자,4
 밀레 니얼 세대,4
 최종 점검,4
퍼즐,4
수행평가,4
 사건,4
 종합,4
 데이터 관리,4
 지정학,4
 생물학,4
 로스팅,4
 유형,4
 자본,4
 문법,4
 미스터리소설,4
 스틸,4
 최신,4
 아기,4
 하루,4
 교육,4
크리스마스,4
 투자처,4
 대바늘,4
 한국인,4
 직무 능력 평가,4
 핵심 요약 노트,4
 도형,4
 목표,4
 번호,4
 집합,4
 조언,4
 마스터,4
 사회비평,4
 신앙,4
 대시보드,4
 버핏,4
 순위,4
 삼각 함수,4
 차 부등식,4
 열반,4
 수업 실연,4
 소통,4
 식생활,4
 상대,4
 상담,4
 리스트,4
 문재인 정부,4
 문장 완성,4
 실전 모의고사,4
 어휘력,4
 엔터,4
 낙찰,4
 다이나믹,4
불안,4
 창조,4
 히라가나,4
 직장생활,4
 정본,4
 청춘,4
 다이어트식,4
 신경과학,4
 한정판,4
 뜨개,4
 페르마,4
 창업,4
원소,4
 하버드,4
 빅데이터,4
 문제 풀이,4
 크리스천,4
 정치가,4
 통증,4
 레전드,4
 트레이딩,4
 분석,4
 재판,4
 영국소설,4
 기출 예제,4
 인성 검사,4
 여행 에세이,4
 연습,4
 부가가치세,4
 행정쟁송,4
 생성자,4
 숙어,4
 손글씨,4
 기출 어휘,4
 특별 부록,4
 존중,4
 유아식,4
 안보,4
 기출 복원 문제,4
 학습 계획표,4
 우량주,4
 업종,4
 음원,4
혐오,4
 모델링,4
 뇌과학,4
 기후 위기,4
 애널리스트,4
 플랭크,4
 초콜릿,4
 프랑스소설,4
 필기,4
브로콜리,4
 여행,4
인문교양,4
 취업,4
 물리학자,4
 오리지널,4
식물,4
 국민,4
 사회,4
 동영상,4
 스페셜,4
 감동,4
 서울,4
 코바늘뜨기,4
 복소수,4
 간증,4
 영성,4
 성공 투자,4
 모유 수유,4
 알고리즘,4
 메뉴,4
 영국고전,4
엑셀,4
 힐링,4
 현미,4
 토스트,4
 스릴러,4
 존재,4
 투시,4
 원피스,4
 공시,4
 기출문제,4
 핵심 포인트,4
 진화,4
디자이너,4
 인문교양서,4
 증상,4
 다운스윙,4
 크리에이티브,4
 플라톤,4
 원룸,4
 매콤,4
 골반,4
 재료,4
 우정,4
 테크닉,4
 지시 대명사,3
빅데이터,3
 자서전,3
 노드,3
 찬송,3
 소나타,3
 영상,3
 옥타브,3
 작화,3
 교양철학,3
 쿠팡,3
 명저,3
 로맨스,3
 변증,3
 사고,3
 변호사,3
 불변,3
 한국 사회,3
 인지심리학,3
 발음,3
 논리,3
 사운드,3
 재앙,3
 운명,3
 팬데믹,3
 창의,3
 폴리곤,3
 로그 함수,3
 접지,3
 이용한,3
 반려견,3
 여자,3
 감독,3
 코인,3
 한글 맞춤법,3
 비교급,3
 멘붕,3
 인터페이스,3
 명상,3
마음,3
 고지혈증,3
 멜로디,3
 스펙,3
 한국소설,3
 로우,3
 식당,3
 리틀,3
 수면,3
 연근조림,3
 링크,3
 오늘,3
 파운드케이크,3
 나사렛 예수,3
 홈베이킹,3
 워싱턴,3
 반주,3
 뮤지엄,3
 평행사변형,3
삶,3
 거래소,3
 호흡법,3
 독서,3
 칠레,3
기술,3
사회학,3
 맛집여행,3
 DIY,3
 시험,3
 손익계산서,3
 최신 기출,3
 빨간색,3
 항법,3
 특수 구문,3
 영어 예문,3
베이킹,3
 동물,3
 사회사상,3
 데이브,3
상처,3
 별책,3
공포,3
 영산강,3
 채식,3
 나이,3
임용,3
 리스본,3
 처방전,3
 기초 영문법,3
 마법,3
 맥스,3
 교재,3
 재무,3
 서버,3
 국가,3
 복음서,3
 조리법,3
 알카인,3
 기법,3
 이방인,3
 주요 어휘,3
 매크로,3
 다리,3
 언어교육,3
 주연,3
 법규,3
 포토샵,3
 독해력,3
 미음,3
 튜토리얼,3
판사,3
 마추픽추,3
 연습 문제,3
 감성,3
 캘리그라피,3
 적중 예상 문제,3
 건반,3
 예비 교사,3
 포퓰리즘,3
 도함수,3
 기독교 신앙,3
 초코,3
 사장조,3
 문화,3
 연표,3
 서스펜스,3
 합격,3
 입문서,3
 아메리칸,3
음식,3
 유클리드 기하학,3
 천문학자,3
카미노,3
 무늬,3
 세계고전문학,3
 환자,3
호랑이,3
 문명,3
 알라딘,3
 근육,3
 팩션,3
 당뇨병,3
 소송,3
 교육 과정,3
 플러스,3
 출제 문제,3
정치인,3
 일본에세이,3
환경문제,3
 자원 관리 능력,3
로맨스,3
 정신 간호학,3
 답안 작성,3
 브레드,3
 임베디드,3
 시행,3
 고혈압,3
 프리미어,3
리더십,3
 메르스,3
 생각,3
 언어 논리,3
 이미지,3
 학과 시험,3
일본어,3
 서술형,3
 지방행정,3
 핸드북,3
 프로방스,3
 영양,3
 놀이,3
 경상남도,3
 검사,3
 파티시에,3
 스포츠,3
 노벨,3
 올레,3
 뉴턴,3
 의문사 의문문,3
 식품위생 관계 법규,3
명사,3
 삼성그룹,3
 세상,3
 딕셔너리,3
 가능성,3
간호,3
 실전,3
핵심 기능,3
 플랑크,3
 원천,3
 뉴욕,3
 문자,3
 등비수열,3
 지피지기,3
 집주,3
경전,3
 오선,3
 면역력,3
 역경,3
 판서,3
 믿음,3
 마들렌,3
 연습곡,3
 매일,3
 네이버,3
 지구 시스템,3
우울,3
 닮음,3
작곡가,3
한국 전기 설비 규정,3
 스트림,3
 비어드,3
 셋잇단음표,3
 분사 구문,3
 할머니,3
 문자열,3
 제안서,3
 비결,3
 플래시 카드,3
 지도안,3
장편소설,3
 지속 가능,3
 원자력,3
살인사건,3
 긍휼,3
 베이글,3
 로또,3
 브라우니,3
 스키야키,3
 매칭,3
 제로,3
 하버드대,3
 부동산 가격,3
 청음,3
 클라,3
 면역,3
 오답 분석,3
 아이템,3
 집 마련,3
 밀푀유,3
 학습,3
 그래머,3
 자바,3
 내부,3
 요점 정리,3
 세밀화,3
 선교사,3
 존엄,3
 치유,3
피니시,3
 스레드,3
 사춘기 아이,3
 배우,3
 한자성어,3
 복습,3
 수학이야기,3
기본 동사,3
 브로콜리,3
 카카오톡,3
 백스윙,3
 아이패드,3
 생활,3
확률분포,3
 주방,3
 생활공예,3
 두뇌 계발,3
 영어 문장,3
 히스토리,3
 집값,3
 경전,3
스님,3
 판결문,3
 뽀로로,3
 노동문제,3
행정소송,3
 합병증,3
 입 문자,3
 프레임,3
 법제,3
 다낭,3
 마지막 순간,3
 가온,3
 포인트,3
 크레,3
 미술작품,3
 단호박,3
 다이어리,3
 단어장,3
 마르크스,3
부자되는법,3
 직장,3
 민법총칙,3
 클라우드,3
 그리스어,3
궁녀,3
 채소,3
 시니어,3
 독서교육,3
 블로거,3
 완전,3
 서양미술사,3
 데리야키,3
식물학,3
 연세대,3
 화분,3
 해리,3
 금융,3
 피플,3
 아바타,3
 산업,3
 복근,3
일상,3
바리스타,3
 바르셀로나,3
변호사,3
 예시,3
 초급,3
 등차수열,3
 로스,3
 셀러,3
 도시,3
 확인 문제,3
 행잉,3
 시맨틱,3
 작곡가,3
체크,3
 관자,3
 편도체,3
 원인,3
 주가,3
 암 기장,3
 재개발,3
 방법,3
 현대,3
 방콕,3
강원도,3
 애플리케이션,3
트라우마,3
 문장 삽입,3
 순환소수,3
 인간,3
 주식 투자자,3
 라장조,3
 반전,3
 산티아고,3
조선 전기,3
 리코타,3
 원서 접수 방법,3
 영재,3
 양파,3
 미국주식,3
 확장 학습,3
 부패,3
법학,3
 골프장,3
 지구인,3
 추상 클래스,3
 춘천,3
 양자 물리학,3
 비판,3
 개신교,3
 심리학자,3
환경 문제,3
 알케인,3
 법학,3
 순간,3
 트레일,3
 채식주의,3
 주요 공기업,3
 구루,3
 요리책,3
 베이즈,3
 숫자,3
 카페,3
영화,3
 무료 동영상,3
 반려 동물,3
 답변 데이터,3
 한옥,3
인사 행정,3
 양육법,3
 마우이,3
 관사,3
 외로움,3
 식사법,3
 모성 간호학,3
 미술이야기,3
 자연어 처리,3
 두부김치,3
 성령,3
 심층 면접,3
 인어공주,3
 올림픽,3
 암 환자,3
 재생 에너지,3
 먹방,3
 인포,3
 해설,3
 서사,3
 원리,3
 장난감,3
 제빵,3
 공황,3
 서로,3
 기본 간호학,3
 논쟁,3
 성적,3
 차트,3
 원소,3
 몸,3
 결정,3
 닭고기,3
 매수,3
 가요,3
 족보,3
 볶음밥,3
 영어학습법,3
 데모크리토스,3
 알파벳,3
 아르키메데스,3
식당,3
 목 디스크,3
 동사 원형,3
 질환,3
 임금,3
 탁상,3
 종합 문제,3
 최종 모의고사,3
 인생처세술,3
 부작용,3
 전문 서적,3
 의사,3
 상식,3
 청약,3
 베이직,3
 창의력,3
 부르고뉴,3
모노,3
 실수,3
 플로 리스트,3
 리눅스,3
 포드,3
경제학,3
 레오나르도,3
 다정,3
 유튜버,3
 부정문,3
 가족,3
 강원도,3
 서구,3
 트랙,3
 수리,3
 필수 문법,3
 핑커,3
 탐색,3
 멘토링,3
 역사,3
 컴포넌트,3
 내신 대비,3
 메모,3
메 서드,3
 디스크,3
 완전 분석,3
브랜드,3
 외국어,3
 광주,3
 최종 점검 모의고사,3
 의학,3
 제주,3
 무료,3
건축가,3
 어구,3
 키즈,3
 월스트리트 저널,3
 쿠키,3
 튜플,3
 언어 발달,3
 패턴,3
 디렉터,3
 데이터베이스,3
 정수,3
 화학 변화,3
스콘,3
 회개,3
기출 문제,3
 로지스틱 회귀,3
 실리콘밸리,3
 사회학,3
 만들기,3
 신앙 고백,3
 민주당,3
계이름,3
 손질,3
 맨체스터,3
 그래픽 노블,3
 하나님 사랑,3
 라우팅,3
 핵심 이론,3
 온라인 모의고사,3
 가정법,3
 베이커리,3
 앤드루,3
 팟캐스트,3
지중해,3
 미뉴에트,3
방탄소년단,3
 슈뢰딩거,3
 공학도,3
 비책,3
 시퀀스 제어,3
 디테일,3
 아이 건강,3
 적성,3
 감정 조절,3
 독일소설,3
 중 단편 소설,3
 예쁘다,3
 지식,3
 도표,3
공부,3
 양자역학,3
 내면 세계,3
 색칠,3
 과정 중심 평가,3
 일기,3
 지옥,3
 스탠퍼드,3
 스코틀랜드,3
 생활습관,3
 매뉴얼,3
 고백록,3
 워런,3
 에이트,3
 역학,3
 기업,3
 낫토,3
 스트레스,3
 가난,3
 튜링,3
 모로코,3
 그림 에세이,3
 라우터,2
 비만,2
질문,2
 에티켓,2
 환경,2
 암스테르담,2
 소명,2
 피벗 테이블,2
 베이킹,2
 신부,2
문서,2
 프리랜서,2
 스페인어,2
 원두,2
 학교 시험,2
 재난,2
 처방,2
 자기주도학습,2
 아몬드,2
 오답 풀이,2
 토트백,2
 임상,2
 국부론,2
 목소리,2
 양조,2
 동사 의문문,2
증여세,2
 유품,2
 아이슬란드,2
 로드,2
 태양계,2
 실전 문제,2
작업 환경 측정,2
 유리수,2
 신라,2
 반찬,2
 실험,2
 포즈,2
 거북목,2
 아들,2
 팬덤,2
온라인,2
 라이프,2
 클래식,2
 아동 간호학,2
 몽마르트르,2
 연애소설,2
 중학생,2
 재건축,2
 독박 육아,2
 나치,2
 걷기,2
 윤리,2
 고령 사회,2
 타이포그래피,2
 감자,2
 복제,2
 대원사,2
대화법,2
 청정기,2
 장판,2
 러시아,2
 그라나다,2
 김수근,2
 달고나,2
 산책자,2
습관,2
 레가토,2
한국사,2
 샹젤리제,2
 루소,2
 메트로,2
 수능 국어,2
 속임수,2
서귀포,2
 국립중앙도서관,2
 사회 생활,2
그림 그리기,2
 브러시,2
 잡지,2
 정원,2
 갈릴레이,2
 한국어 표현,2
 수능 기출 문제,2
 건강법,2
 압축 정리,2
 동의보감,2
 체중,2
 사례,2
 행정 행위,2
 산책,2
 창의성,2
 웨이스트,2
 처세,2
 홍보,2
 주도,2
 자연 선택,2
 관계맺기,2
 법정,2
 고전 시가,2
 생화학,2
 경력자,2
 도약,2
그림 에세이,2
 전자 정부,2
 유형 자산,2
 생활 영어,2
 증류,2
 환난,2
 치앙마이,2
 세계 경제,2
 버진,2
 한자,2
 기억,2
 새벽,2
 어도비,2
 다비드,2
 만화작법,2
 리디,2
 포터,2
 통상,2
 설계자,2
 답변,2
감염병,2
 복잡도,2
 성공 법칙,2
 버킷 리스트,2
 선지자,2
허리 디스크,2
 출제 위원,2
 비사,2
 채권자취소권,2
 피타고라스 정리,2
 만능,2
 장아찌,2
 도파민,2
 실전 모의 테스트,2
 SF과학소설,2
 형사보상,2
 버릇,2
 칼럼,2
 오늘 하루,2
 국제회계기준,2
인코딩,2
 파생어,2
 서해안,2
 강제집행,2
 피고인,2
 아이폰,2
 경제이론,2
 실용,2
 센스,2
 프라하,2
 감가상각비,2
 기타 작업,2
마리나,2
 어휘 수록,2
 판례,2
 테마여행,2
 아사히,2
스터디,2
 아티스트,2
 석가,2
 쇼핑,2
 파리,2
 출제 유형,2
 심화 문제,2
 협력,2
 전표,2
 개미,2
 자동,2
 의식,2
 부모 자신,2
 민법전,2
 기둥,2
침팬지,2
 핵심 테마,2
 버터,2
 일본어 능력 시험,2
 교통안전공단,2
 연산자,2
 페퍼,2
 표준어,2
 시장,2
 주니어,2
 독해력 향상,2
 서강대,2
 밸리,2
 군주,2
 성서학,2
 일상생활,2
 노르웨이,2
 기네스북,2
 반려 견과,2
 성인병,2
 성탄,2
 노동자,2
 필수,2
연계,2
 디저트,2
 그림그리기,2
 농업,2
 호러,2
 이슬람,2
 특성,2
 매출,2
 구찌,2
 폴더,2
 한국 소방 안전원,2
 관계 법규,2
유리함수,2
 운동 역학,2
 인성,2
 영재교육,2
 호흡기계,2
 진화 생물학,2
 고양이기르기,2
 클라이언트,2
 미각,2
 마티니,2
 미래 시제,2
 사회 운동,2
 광야,2
 사회 학자,2
저학년,2
 범죄,2
 다의어,2
 전문,2
 형태,2
 경상북도,2
 온라인 수업,2
현대 정치,2
 김영갑,2
 과거 시제,2
 비트,2
 안전,2
피타고라스 정리,2
 병동,2
 정치철학,2
 전기 자동차,2
 찌개,2
 샬롯,2
 스코어,2
 자연 분만,2
 베이,2
 사마타,2
 할인 쿠폰 수록,2
 기후 변화 대응,2
 미국인,2
 핸드,2
 현금 흐름,2
 에디슨,2
미스터리,2
 독해 비법,2
 예비 초등학생,2
 괴테,2
 관찰,2
 포브스,2
 노년,2
 기술사,2
 러시아소설,2
 저탄고지,2
 종합 원가 계산,2
애널리스트,2
 문장 부호,2
 국가 직무 능력 표준,2
 한국 문학,2
 퍼즐 놀이,2
 소리,2
 오버로딩,2
 인류세,2
 치료법,2
 수기,2
내신 만점,2
 픽사,2
 기업 문화,2
 트릭,2
 부스터,2
 인스,2
 어른 아이,2
 비즈니스 모델,2
 수치 해석,2
 대한민국 부모,2
 조셉,2
육아,2
임신부,2
스토리지,2
 마음수련,2
 아픔,2
 합성함수,2
 부정맥,2
 준비,2
응용 수리,2
 미투,2
 집중,2
 원격 교육,2
 폭력,2
 폭락,2
 스캔,2
 성과,2
 현재 시제,2
 아이음식,2
 노태우,2
 이스라엘,2
 코믹스,2
 암 치료,2
 모의고사,2
 몬스터,2
 지방,2
 과학 공부,2
 자립,2
 초고속,2
 플라이,2
 붓다,2
 컬렉션,2
 자동 소화 장치,2
중환자실,2
 도메인,2
 호모 사피엔스,2
 의사소통,2
 향미,2
 가르침,2
 지지율,2
 퀴즈,2
 캐릭터,2
 로그,2
 드릴,2
 스팅,2
 호주,2
 의사소통 능력 출제 예상 문제,2
 트렌디,2
 한국현대사,2
 책방,2
 주의,2
 가치,2
 카프,2
 미국정치,2
 표제어,2
 목자,2
 스카치,2
 독서 시간,2
 할리우드,2
 한국,2
 크리슈나,2
 노후준비,2
 그레이,2
 벨기에,2
 청소년과학,2
 가상현실,2
 현대 의학,2
 임재,2
 인플레이션,2
 초등학생 아이,2
 동학 농민 운동,2
 파닉스,2
 암살자,2
 역함수,2
 나치즘,2
 협상,2
 자막,2
 마이크,2
 노블,2
부처,2
 명사절 접속사,2
 주택,2
 수도자,2
 담화,2
 호르몬,2
 교육부,2
 검정고시,2
 연주자,2
 사이드,2
 자유론,2
 지방 자치,2
 논증,2
 미니,2
 북유럽여행,2
 최재천,2
 스님,2
 일본 추리 소설,2
 클림트,2
 리팩토링,2
 반려묘,2
 히말라야,2
 전개도,2
 버지니아 울프,2
 명곡,2
 언니,2
 그리기,2
 취업규칙,2
 유튜브 동영상,2
 대출,2
 앞표지,2
 노무,2
 미슐랭,2
 소비,2
 날아라,2
 에르빈,2
 드리블,2
 실무,2
 해조류,2
 영어 표현,2
 데이터 입력,2
 사회생활,2
건축,2
 전자회로,2
 통계,2
 노자,2
 포스트 코로나 시대,2
백과사전,2
 학년도 수능,2
 디자인이론,2
 찬양,2
 위탁,2
 코끼리,2
 질감,2
 위험물,2
 싱클레어,2
 모의 평가,2
 아랍,2
대우건설,2
 파블로프,2
 밀로,2
 고스,2
 헌법,2
 스페셜 에디션,2
 수납,2
 기획력,2
물리치료사,2
 워드프레스,2
 유닉스,2
 쉼표,2
 마케팅,2
 라스베이거스,2
 에이드,2
 허리,2
 뒤러,2
 다육 식물,2
 청지기,2
 석학,2
 십일조,2
 사이클,2
 신이치,2
 맥킨지,2
 홀리데이,2
 신학생,2
 복지 정책,2
 학력 평가,2
 애니메이터,2
 영향력,2
 객체 지향 프로그래밍,2
 보도,2
 조건문,2
 미래엔,2
 면접 기출,2
 자료 해석,2
 초프라,2
 러시아어,2
플러그인,2
 연인,2
고전,2
 하이드,2
 트럼프,2
 우간다,2
 순서 배열,2
 호흡,2
 배변,2
 포인터,2
 편집,2
 자유주의,2
베이스,2
 색칠 놀이,2
 진료실,2
검찰,2
 소자본,2
 이소라,2
 상승,2
 상상,2
 양념,2
 월급,2
 독후 활동,2
 기초영어,2
 쁘띠,2
 돌고래,2
 경주,2
 기억력,2
 고갱,2
 통계 이론,2
 유형 학습,2
 문제 유형,2
 겨울,2
 청소년소설,2
 경찰,2
공학,2
 정부회계,2
경문,2
 교회 공동체,2
 인류문명,2
 분갈이,2
 초일류,2
 여행 가이드,2
 창조주 하나님,2
 고용,2
 루나,2
 중단원,2
 파악,2
 바흐,2
 반려식물,2
 채소 요리,2
 퇴사,2
 분산분석,2
 부동산 금융,2
 마케도니아,2
 전통,2
 포르투,2
 좌표 평면,2
 구도,2
 해부,2
 인류학,2
 워밍업,2
 물리치료사,2
 중식,2
 엑셀,2
 모듈,2
 정책 분석,2
생물,2
 성경 해석,2
 영어교육,2
 전처리,2
 교직,2
 백만장자,2
 산문집,2
 조선 전기,2
 밀크,2
 감정 기복,2
 청전,2
 기공,2
 정도 관리,2
 임신부,2
 거버넌스,2
 아유르베다,2
 흑인,2
 체크,2
 엄마 표 영어,2
 실재,2
 고난,2
 계산 작업,2
 마크업,2
 독일,2
 추리소설,2
 마포구,2
 원곡,2
 발효,2
 레오나르도 다빈치,2
 유전자,2
 지도책,2
 입사,2
바이엘,2
 민주,2
 큰보표,2
 케인즈,2
트레일,2
 기출 문제,2
 박정희,2
영어학습,2
 인종주의,2
 타요,2
 힐링에세이,2
 아웃풋,2
 대중교통,2
 자격,2
 미스터리 스릴러,2
 기독교 역사,2
 풍자,2
 크리,2
 커피,2
 스텝,2
 나르시시즘,2
마켓,2
 한옥마을,2
 프론트엔드,2
 서유럽,2
 라바,2
 성실,2
 비엔나,2
 포스코,2
 소매,2
 과세 표준,2
 도킨스,2
 자연 치유,2
 문제집,2
 한국현대시,2
 운동 법칙,2
 채용,2
오브젝트,2
 쾌락,2
 데이터 분석,2
 한자 성어,2
 라그랑주,2
 앵커,2
 다육,2
 구속사,2
 내신 문제,2
 진화론,2
 사형 선고,2
 인천,2
 미술감상,2
 그라피,2
 활성산소,2
 이해력,2
 소비자 행동,2
상미분 방정식,2
 대림,2
 적분,2
 적중,2
 서현,2
 제과제빵,2
 프로그램,2
 뇌신경,2
 자산,2
 토큰,2
 원형 부정사,2
 페로,2
 시간관리,2
 박사,2
 지권,2
 메인,2
 몽테뉴,2
 핵심 이론 정리,2
 브라질,2
 라이드,2
 트랜스지방,2
 자전 소설,2
 줄리엣,2
 법무부,2
 세례,2
 견관절,2
 인간 공학,2
 학교,2
 수사,2
코바늘뜨기,2
 빛 가운데,2
 스토리보드,2
 혈액,2
 혈액 순환,2
 인생 후반전,2
아브라함,2
 스터디 플래너,2
 금리,2
 사본,2
부동산 투자,2
 본서,2
 스트레칭,2
 리셋,2
 보부아르,2
 금융 시장,2
 상트페테르부르크,2
 통계학,2
 머신,2
 숲길,2
 파운드,2
 굿바이,2
 헤지 펀드,2
 선인장,2
 문재인 대통령,2
 다이어트 식단,2
 그림에세이,2
 신구약,2
 일반 투자자,2
 카프카,2
 지 베르니,2
 모형,2
 브랜,2
 미토콘드리아,2
 식충식물,2
 교과,2
 스프레드시트 일반,2
 문서 작성,2
 미술,2
 내장 지방,2
 수학,2
 구문 독해,2
 빙수,2
 의정부,2
 칭찬,2
 영어표현,2
 태담,2
다이어트 식단,2
 영포자,2
 선생,2
 발달,2
한국 경찰,2
 국정,2
 변주곡,2
 레지스트리,2
 전능,2
 화합물,2
 대외 관계,2
 임상 심리학,2
 입시 정보,2
 알리바바,2
 단전호흡,2
 레이아웃,2
케이스,2
 데크,2
 디트로이트,2
 리스닝,2
 일식,2
 자본론,2
 장수,2
 킬러 문제,2
 보표,2
 열처리,2
 페르시안,2
 배우자,2
 단음계,2
 오이,2
 마음 치유,2
 호흡계통,2
 돼지고기,2
 실천 문학,2
 골프클럽,2
 기록,2
 컨트롤,2
 자녀양육,2
 퍼팅,2
학살자,2
 수리 능력,2
 오순절,2
 테이,2
 연인 관계,2
 베를린,2
 전쟁사,2
 정치비평,2
텔로미어,2
 급수,2
 둘레길,2
 인생 후반,2
 관계 부사,2
 녹음,2
 슬라보예,2
 푸시,2
 조조,2
 소윤,2
 요구사항,2
 극한,2
 포르토,2
 절기,2
 작물 재배,2
 람다,2
 혼잣말,2
 말콤 글래드웰,2
 학자,2
 추출,2
 주일,2
 멘델,2
 레퍼토리,2
 서적,2
 컴퓨터,2
 기본,2
 아나운서,2
 수서,2
 잠재 고객,2
어린이,2
 회사원,2
 형사,2
 수학개념,2
 디즈니 랜드,2
 캐릭터 그리기,2
 의문문,2
 한의학,2
 디팩,2
 군산,2
 연필,2
 오리,2
 연결 리스트,2
 공격,2
 기능 검사,2
 퀀텀,2
 건축주,2
 단양,2
 아브라함,2
 온라인,2
 부동산 시장,2
 코펜하겐,2
 통찰력,2
시력,2
 무사,2
 러스트,2
 기본 모의고사,2
 태도,2
 패권,2
 영양학,2
 커널,2
비법,2
 제물,2
 자습서,2
 전작,2
 보호자,2
 국토연구원,2
 수리 능력 출제 예상 문제,2
 블록 놀이,2
 폭설,2
 우분투,2
 모세,2
초등학생,2
 내공,2
 경험,2
 곱셈,2
 뉴에이지,2
 심부전,2
 남성,2
 솔트,2
노벨상,2
 전두환,2
 소설 문학,2
 대승불교,2
 정규분포,2
 성경 구절,2
 정치인,2
 교보문고,2
 개념 학습,2
 지역 사회 복지,2
 해바라기,2
 버락 오바마,2
 니콜라스,2
핵심 요약 수록,2
 부사절 접속사,2
 해설집,2
 테크,2
 불안장애,2
 전쟁,2
 스몰,2
 엑셀 기능,2
자바 스크립트,2
 음운 변동,2
공감,2
 페미니스트,2
 조카,2
 흑임자,2
 정상,2
 연습 문제 수록,2
 유나이티,2
 애드,2
 재일 교포,2
 렌더링,2
미국,2
공의,2
 노아,2
 대구,2
 고성,2
 사회 초년생,2
 한국 교회,2
 변명,2
 네모,2
 하이퍼링크,2
 시퀀스,2
 원자,2
 암세포,2
 한국 정치,2
 미학,2
 문서 관리,2
 드래곤,2
 독서 모임,2
 전라북도,2
 변동 원가 계산,2
 클립,2
 뼈대 계통,2
 임차인,2
 문장 구조,2
 래리,2
 중요 구문,2
 제과,2
 회화,2
 시애틀,2
 기회,2
 허브,2
 말투,2
 서태지,2
 술기,2
 운동 습관,2
 대소문자,2
 데이터분석,2
 드레싱,2
 정치학,2
 대선,2
 크리스티,2
 파워,2
 유시민,2
 그물,2
 파생,2
 플로우,2
 이회영,2
 관심,2
 리뷰,2
 문해력,2
 재일 동포,2
 범죄자,2
 홈 스쿨,2
 플라워,2
 금융 자산,2
 현실,2
인문학,2
 이재명,2
 보험계약,2
 에스프레소,2
 파프리카,2
공산당,2
 세척,2
 인터뷰,2
 황혼,2
 청년,2
 시 문학,2
 티베트,2
 한국 전기 설비 규정,2
 이찬수,2
 중등 수학,2
 방송인,2
 로스트,2
정세랑,2
 지리산,2
 성경 말씀,2
 기계 안전,2
 도널드,2
 자아,2
 편견,2
 시각 경보 장치,2
 아이싱,2
 아키텍처,2
 히토,2
 체어,2
 페이스북,2
 경근,2
 아이 눈높이,2
 호랑이,2
 베네치아,2
네이티브,2
 창작,2
 블랙베리,2
 코스트,2
 번역본,2
 레터,2
 단원,2
부동산투자,2
 기초영어회화,2
 도깨비,2
 한센,2
 근력 운동,2
 차 함수,2
 시장 분석,2
 모두,2
 서식 지정,2
 모란,2
 피타고라스,2
 밸류,2
 미술가,2
 테마,2
 초엽,2
 발목,2
 양육,2
 필수 단어,2
 행정조사,2
블록 놀이,2
 부부 관계,2
 영양소,2
 글꼴,2
임신,2
 애덤,2
 태국,2
 토플,2
종교,2
 강제 수용소,2
 파동,2
 파니니,2
실전 대비,2
 놀이교육,2
 분데스리가,2
공인회계사,2
 오징어 볶음,2
 조합,2
 튜닝,2
 듀엣,2
 독소,2
 노벨 문학상,2
나눗셈,2
 정동진,2
 영상 편집,2
 약자,2
 가계 부채,2
 레이디,2
 클라우드 서비스,2
블록체인,2
 귀신,2
 패널,2
 병음,2
 탄수화물,2
 핀란드,2
 풀꽃,2
 교내,2
 김제동,2
 한전,2
 청각,2
 출제 경향,2
 정책,2
 지도서,2
 소화계통,2
 평안,2
 동궁,2
유기 화학,2
미적분학,2
 성경 인물,2
중학,2
 연립 방정식,2
 정법,2
 피디,2
 컨템포러리,2
 위생,2
 재능,2
 기계,2
 육아 전문가,2
 라틴어,2
 어휘집,2
요리,2
 전각,2
원단,2
 중국식,2
 인상주의,2
경제,2
 코스피,2
 전시,2
 플랫폼,2
 제어 공학,2
 왈츠,2
 저택,2
 신생아,2
 옹벽,2
 독성학,2
 특강,2
 공법,2
 슬기,2
 부정,2
 이해 관계자,2
 다윗,2
 친밀,2
 크런치,2
 주기율표,2
 연민,2
 노동,2
 개발자,2
 질병 치료,2
 노쇠,2
 카라,2
 스코프,2
 대행,2
 회사,2
 구어,2
 예측,2
 오메가,2
 윌리엄스,2
 대수학,2
 자신,2
 바울,2
 크렘,2
 퍼시,2
 교토,2
 암기력,2
 완성,2
 과년도,2
 승화,2
 사주,2
 아이콘,2
 투자법,2
 행정심판,2
 코로나19,2
 시카고,2
 운동학,2
 명언,2
 음악,2
 주천,2
 이스탄불,2
 섬진강,2
 파싱,2
 신한은행,2
기계,2
 하이퍼리얼리즘,2
 필드,2
옷만들기,2
 무릎 관절,2
 큐티,2
 대니얼,2
 개발,2
 성탄절,2
 중등,2
 미켈란젤로,2
 전국연합 학력 평가,2
 피카소,2
중학교,2
 파닉스 학습,2
 공급,2
 화이자,2
 연구용,2
 스마트폰 사용,2
 논어,2
 아라이,2
 원칙,2
 프랑스어,2
 아내,2
 관리법,2
 미생물,2
 씨네,2
 고난도,2
 그립,2
 혈액 검사,2
 피아니스트,2
 신용장,2
 중구,2
 스트리트,2
 고전 역학,2
 독서 효과,2
 글귀,2
 농촌,2
 카포,2
 허수경,2
 뇌건강,2
 인 스턴스,2
 레버리지,2
 림프계통,2
 생두,2
 작문,2
식단,2
 합격 예측 모의고사,2
 물성,2
 강연,2
 레이즈,2
서드,2
 증강현실,2
 성령 충만,2
 디스트릭트,2
 주요 구문,2
 데생,2
 책장,2
 일차 함수,2
 블루,2
 창세기,2
 발라드,2
 어근,2
 바이너리,2
 판단,2
 코스모스,2
 미신,2
 실천론,2
 동시대,2
 리더,2
 이명현,2
 모험,2
 태교,2
 그리스도교,2
 노벨상,2
 트레이더,2
 치매 예방,2
 해설 포함,2
함수 사전,2
 연주법,2
 지역 사회 간호학,2
아동 간호,2
 인맥,2
 퓰리처상,2
투시,2
모험,2
 휴양지,2
밸리,2
 행정구제,2
 이치,2
 리스크,2
 트위스트,2
노벨,2
창작동화,2
매핑,2
 망고,2
 성령 세례,2
 할로겐 화합물,2
 부의법칙,2
 삼매,2
 고득점,2
 기본 개념,2
 자책,2
 가정,2
 신경계통,2
 문제 해결,2
 미션,2
 거절,2
 파산,2
 드라마,2
 알츠하이머병,2
 케리,2
 사피엔스,2
 소품,2
 오대산,2
 척추측만증,2
 글로벌 시대,2
 세액 감면,2
라우터,2
 뮌헨,2
 방탄,2
 셀프,2
 현대 심리학,2
 코치,2
 소프트웨어,2
 삶의지혜,2
 오리엔탈,2
 브라우저,2
 원가회계,2
 크림치즈,2
 괴물,2
 자유의지,2
 리듬,2
 프로세싱,2
 화학,2
 건강관리,2
 주조,2
내장 지방,2
한국시,2
 코리,2
 국어사전,2
 파수,2
 아웃소싱,2
 영단어,2
 평생 건강,2
 스프레드시트,2
 달러,2
 메시지,2
 행복론,2
살인마,2
 웨이트,2
니치,2
 연습 문제 풀이,2
 반 복문,2
 파이낸셜,2
 월트 디즈니,2
알킬,2
 안식일,2
 오즈,2
 숫자 놀이,2
 대원,2
 성가,2
음반,2
 기초,2
 올레길,2
피렌체,2
 출제 범위,2
 단어 학습,2
초보 투자자,2
 기출 분석,2
 과학자,2
 설국,2
 페이징,2
 서스펜션,2
 피터슨,2
 독서 습관,2
 한국 외국어 대학교,2
 구약성경,2
 일본어,2
 정의,2
 산화,2
 초판,2
스레드,2
 구원,2
 감각,2
 순열,2
 베스트셀러,2
 학습 플래너,2
 화훼,2
노년,2
윈터,2
 진행 시제,2
 관계 대명사,2
 성균관,2
 알켄,2
 강좌,2
 호숫가,2
 음독,2
 토지,2
 인사 행정,2
원가회계,2
 로마,2
 교과서,2
 버블 정렬,2
 현대 음악,2
 영미에세이,2
 엄마 아빠,2
 리터럴,2
 인코딩,2
 몸만들기,2
 서바이벌,2
 최상급,2
 발효 식품,2
 윈도우,2
 놀이 활동,2
 체코,2
 복식호흡,2
 신규,2
 아들러 심리학,2
 퓌레,2
 피크닉,2
 마지막 작품,2
 도쿄,2
 서양 의학,2
실험,2
 기술인,2
 고백,2
 그림책,2
 빌드,2
 선도,2
 윈터,2
 베이커,2
 시상하부,2
한국어,2
신부,2
 가상,2
 가격,2
 위선,2
 액세스,2
 사회성,2
 집중력,2
 인쇄 기능,2
 당뇨,2
 기독교,2
 동영상편집,2
 두려움,2
 필사,2
 갈등,2
 베이즈 정리,2
퓰리처상,2
 봄꽃,2
 소년,2
 차 방정식,2
 탐구,2
 윤회,2
현대시,2
 능력주의,2
 개혁,2
 성서,2
 언어 놀이,2
모바일,2
친구,2
 직류기,2
 거시경제,2
 패러데이,2
 심장 질환,2
연차,2
 행정 과정,2
 멸치 볶음,2
 천국,2
 순례길,2
 메커니즘,2
 타이슨,2
 높은음,2
 마인드맵,2
 고령화,2
프론트,2
 양형,2
 아프리카,2
 스타일리시,2
 인버터,2
 서포터,2
 혁명,2
 행정소송,2
 하워드,2
 코페르니쿠스,2
 체중감량,2
 아이돌,2
렉스,1
 캘리,1
 에티오피아,1
 삼양,1
 퍼셉트론,1
 긍정 심리학,1
 컬러,1
 대본집,1
 우조,1
 기죽,1
 진주 귀걸이,1
 담자,1
 단일,1
 담낭,1
 문법 요소,1
 구분,1
 오셀로,1
 작업 환경 설정,1
 신사업,1
 내리막,1
체리,1
 자본주의 사회,1
 기독교결혼,1
 수원,1
 한자어,1
 유틸리티,1
 독재자,1
 공정,1
 불광,1
천문학,1
 완료 시제,1
 진진,1
 역발상,1
수용소,1
 스탠스,1
 경제발전,1
 한국 민주주의,1
다윈,1
 호킹,1
 만성 통증,1
 드로우,1
 불시착,1
 서귀포,1
 투석기,1
 양론,1
 기무라,1
 리처드,1
 눈꺼풀,1
 하이젠베르크,1
 폭군,1
군고구마,1
전단기,1
 지역 변수,1
 혈관,1
 밑반찬,1
 원가,1
 국어 능력,1
 자연 요법,1
산업은행,1
이언,1
 홍성욱,1
 오답 노트,1
 판다,1
 크로노스,1
 명도,1
 시각화,1
 온실,1
 사법연수원,1
 시트,1
 골든,1
 최근 출제 문제,1
 나비야,1
이화 여자 대학교,1
 충청도,1
 싯다르타,1
 레드 와인,1
 다산 정약용,1
 텀블러,1
그리스도교,1
 주례사,1
 투스,1
 대표 주자,1
 대안,1
 온도계,1
 밀어,1
 지상,1
 학교 생활 기록부,1
 배스,1
 토레스,1
 레이건,1
 인터라켄,1
 식별자,1
 연이,1
담석,1
최신 기출문제,1
 전기 에너지,1
 스커트,1
 백문,1
기출 어휘,1
 세계 언어,1
 대량 학살,1
 대선 후보,1
 시소,1
 보우,1
 프로파일러,1
 산토리니,1
 예수회,1
모의 평가,1
 운동 생리학,1
 부트스트랩,1
 이중모음,1
 톤즈,1
 텔아비브,1
 경건,1
 몽골,1
 여행 이야기,1
 단발머리,1
 사후 세계,1
 어셔,1
 이봉창,1
 생장,1
 열망,1
 바닷가,1
 중재,1
 아파트,1
여행 에세이,1
 중보 기도,1
 임산부,1
 문문,1
 광대,1
 영어기초,1
 홀로,1
 이랜드,1
 타르트,1
 원숭이,1
 에러,1
 건축가,1
 영업,1
 극장판,1
 생김새,1
 설치미술,1
 자폐 스펙트럼 장애,1
 예일대,1
 영어공부법,1
 모멘트,1
 김정희,1
 증권,1
이혼,1
 가구,1
비만,1
 거북이,1
 페인,1
척추,1
 이시영,1
정령,1
 엘리,1
 소득 처분,1
 플렉스,1
 입동,1
아프가니스탄,1
 알킬,1
 플라자,1
 셀프인테리어,1
 지원,1
 내면 아이,1
 남녀 관계,1
 스튜디오,1
 콜레스테롤 수치,1
 동인문학상,1
 스리랑카,1
 퇴학,1
 테일,1
 탁구,1
 출제 포인트,1
 심리사,1
 수열,1
 시작,1
 재생,1
 가을,1
피터슨,1
 벨리,1
한과,1
 가상 화폐,1
 작가 특유,1
 박해,1
전장,1
 이병률,1
 힐데가르트,1
 흡연,1
 섬유질,1
수능 어휘,1
흡혈귀,1
 샤샤,1
기독교 신학,1
언어,1
행정심판,1
 민사재판,1
회상,1
 재료 손질,1
치주,1
 데이터 표현,1
피벗 테이블,1
 법령,1
 출제 경향 파악,1
 후 문제,1
 작품감상,1
 청결,1
 러브 스토리,1
상반기 최신 기출문제,1
 셀프케어,1
 사망 원인,1
 우파니샤드,1
 게시판,1
 학습 자료 제공,1
 동남아,1
 가설 공사,1
재발 방지,1
 미성년자,1
 웨이트트레이닝,1
 부품,1
치즈케이크,1
 맥스웰,1
 클리닉,1
 결정판,1
 중앙일보,1
 공부전략,1
 이때 아이,1
수행평가 완벽 대비,1
 택트,1
 시 지각,1
 사우디,1
 한탄강,1
 김득신,1
 풍경화,1
 국제정세,1
 미얀마,1
 영상 의학,1
 객관식,1
 아들러,1
 불교경전,1
 정석,1
인류,1
 롤 플레이,1
 러시아고전,1
 고흐,1
 운동 선수,1
랜드,1
 타법,1
 헤르만 헤세,1
 지송,1
 교과 공부,1
 허무주의,1
 등급,1
 기근,1
젠킨스,1
 미케네,1
 스티커,1
여성학,1
 최저 임금법,1
 미로,1
 순례자,1
 푸틴,1
 한국 관광공사,1
 음운,1
 화음,1
 처세술,1
 수입,1
 증언,1
 서양철학,1
 일생,1
투자가,1
 복용,1
 의미 차이,1
 디피,1
 형법 총론,1
 합성곱,1
 개역,1
 장수 시대,1
 조루,1
 미국 정치,1
 에셔,1
 단편소설,1
 저작,1
 세인트,1
 이승만 정부,1
 초식 동물,1
 학예사,1
 교육 정책,1
 한국 건축,1
 제리코,1
 손석희,1
 인생 설계,1
 차세대,1
 기후변화,1
 양도 소득세,1
 마감 시간,1
 묘비명,1
 영국 영어,1
 미라,1
 생쥐,1
 등골,1
 복소함수,1
 발달사,1
 매니저,1
 크로아티아,1
 소설 속 주인공,1
 마이스터,1
 장르 문학,1
 보수주의,1
손해배상,1
 지그문트 프로이트,1
 웨인,1
 티벳,1
 자평,1
 모순,1
 생성기,1
설교,1
 물건,1
 스마트폰 중독,1
 라테,1
가평,1
 물류,1
 자유 의지,1
 김수영,1
 설비 기준,1
 신법,1
 설계사,1
 선악,1
 세리에A,1
 화물차,1
조세,1
 명상에세이,1
 작업,1
 영어 글쓰기,1
 노벨상 수상자,1
 개발프로세스,1
 미로찾기,1
 독신주의,1
 노후 자금,1
 관련,1
 채무자,1
 세계 일주,1
 스도,1
 점프,1
 엘보,1
 바이칼,1
 접미사,1
 가족 문제,1
마추픽추,1
 만점,1
서울역,1
 수급,1
 독서 감상문,1
 독서지도,1
 컨텍스트,1
 조엘,1
 게이트,1
 치매,1
트레,1
 매슈,1
 로빈슨,1
 구글,1
 분산 시스템,1
 알루미늄,1
 제제,1
 일본미스터리소설,1
행정 정보 공개,1
 크리스,1
 묘사,1
 하라리,1
 바질,1
 백담사,1
 실험실,1
실전 문제,1
 우동,1
 벤저민 프랭클린,1
 명령,1
 대운,1
 부천시,1
 여행기,1
부산광역시,1
 마이,1
 근대,1
 스토리지,1
가족,1
 흔적,1
 재료 역학,1
고수,1
 한국 체육사,1
 콘래드,1
 스티커 놀이,1
 프랙티스,1
오답 분석,1
 의료,1
 안데르센 동화,1
 복수,1
 아르누보,1
 권남희,1
 밤비,1
 조지,1
 증폭기,1
 피츠제럴드,1
 전국 중학교 기출문제 분석,1
파티시에,1
 내신,1
 바이블,1
 돌턴,1
 최신 이슈,1
 평생 공부,1
학평,1
 마음가짐,1
 한국역사인물,1
 프랑스에세이,1
반죽,1
 생태계,1
 발달 장애,1
 페루,1
 루타,1
 부모 상담,1
 건축 공간,1
노폐물,1
 요령,1
 샐리,1
스타트업,1
 전자책,1
 니어링,1
 헌법학,1
당뇨,1
 공법행위,1
 만점 도전,1
 네트워크,1
 중학 수학,1
 레퍼런스,1
 미래주의,1
이클립스,1
 매력,1
바이올린,1
 스폿,1
 눈건강,1
 비탄,1
 양자,1
 자비,1
 무료특강,1
 정신 의학,1
 스마트폰 태블릿,1
 우화집,1
 양태,1
 두개골,1
 구독,1
 영취산,1
 민간인,1
 머핀,1
 측정기,1
 상대방,1
 르네,1
카오산,1
 레드,1
 양도세,1
 유니티,1
 교문,1
 바이킹,1
 로스차일드,1
수험,1
 추상,1
 김영훈,1
바울 서신,1
 사춘기 소녀,1
 파이썬 설치,1
 진짜 모습,1
 좌절,1
 예상,1
 교통경찰,1
 한서,1
 반야심경,1
 트립,1
 소득,1
 에디터,1
 핵심 정리 노트,1
 유아,1
 음식점,1
 프록시,1
 실무자,1
 기본 함수,1
 공무원 수험,1
과거 시제,1
 준서,1
 어드벤처,1
 계리,1
 한경,1
 국가 공인,1
움베르토 에코,1
 유해 화학 물질,1
 대학 입시,1
 유엔,1
 생명 보험,1
 성경 통독,1
 성폭력,1
 사스,1
 드레이크,1
 가이드,1
 섀도우,1
 조제,1
 정치 이론,1
 제약,1
 두산,1
 단본,1
 출제 예상 문제,1
 문제 정리,1
 도버,1
 단기 투자 자산,1
 식품,1
 압구정,1
 연애편지,1
대니얼,1
 아이언,1
 그리니치,1
 이모,1
 미정 계수,1
 중장비,1
 세금 신고,1
 행정 환류,1
 진로,1
 광합성,1
 직무 수행,1
 홈파티,1
최신,1
디테일,1
바이크,1
 크론병,1
 문제행동,1
 요미우리문학상,1
 주요 작품,1
 고딕체,1
 회사 업무,1
 논술 교재,1
 이탈리안,1
평생 공부,1
 여우,1
 전력 계통,1
 자율 규제,1
 설득,1
 빌라,1
올랜도,1
 뿌리,1
 순환계통,1
 채용 안내,1
 뇌 과학자,1
 심상,1
 크로켓,1
 기리,1
 고분군,1
 수다,1
불가리아,1
폴링,1
 매들린,1
 멸종 위기 동물,1
 기하공차,1
 식이,1
 가톨릭,1
일본라이트노벨,1
투자,1
 인플루엔자,1
 수학 공식,1
 예식,1
 실험동물,1
 임신 초기,1
 영양 섭취,1
 대뇌피질,1
 기타노,1
 하반기 최신 기출문제,1
 정면,1
 자취생,1
부동산 감정 평가,1
 평화,1
파프리카,1
 유전학,1
 헨델,1
원가 관리회계,1
자유의지,1
 오랫동안 아이,1
 리소토,1
 패턴인식,1
 별일,1
 빈출 문제,1
 중요 조문,1
 면허증,1
 마르크스주의,1
 필터링,1
 머티,1
 의뢰,1
스도쿠,1
파크,1
 문구,1
 자료,1
 인형 놀이,1
리눅스,1
 혜원,1
 단어 테스트,1
 원어,1
 색상,1
토마토,1
 필수 예제,1
 드루,1
 원기,1
 만화기법,1
 문단 모양,1
 취향,1
 임시 소방 시설,1
 위력,1
 해양경찰,1
사학,1
 코리아,1
 루이스,1
 완자,1
 터키,1
 유지관리,1
 정양,1
 그때,1
 약물 치료,1
 무사시,1
 스위칭,1
 한의사,1
 이승만,1
 브루스,1
지상주의,1
 애니메이션 제작,1
 근육 계통,1
 만성 질환,1
 남아메리카,1
 다이어터,1
 공공부조 제도,1
 개인위생,1
 제목,1
 심리치유,1
 모양,1
웨이트 트레이닝,1
 전심,1
건축주,1
 라이프 스타일,1
 독고,1
 어메이징,1
 노스,1
 백신 개발,1
 칵테일,1
 가시나무,1
 주격 관계 대명사,1
 패드,1
 한신,1
 학습법,1
 포스팅,1
 페기,1
 어린이 그림책,1
단기간 합격,1
왓슨,1
 어깨 관절,1
 건식,1
 마키아벨리,1
브라이언,1
 영속,1
 히가시노 게이고,1
 전화 통화,1
내자,1
사케,1
 웜홀,1
 인간 행동,1
 지퍼,1
 활용 정답,1
로그,1
 동향,1
 디플레이션,1
 모른다,1
 애착 이론,1
 포스트잇,1
 환경 이야기,1
 꽂이,1
 남북국 시대,1
 저체온증,1
 영서,1
 혈관 질환,1
 매도,1
 여사,1
트레이더,1
 사랑 사랑,1
 피임,1
물권법,1
필라테스,1
 닭강정,1
 행정 개혁,1
 학교생활,1
 합격 노하우,1
 시도 교육청,1
 개발 사업,1
 환불,1
 만행,1
 긍정,1
 임상시험,1
 동맹,1
 라이브러리,1
 태아,1
 효능,1
 이코노미,1
 익스텐션,1
 골리앗,1
승무원,1
 벽돌 공사,1
공간 디자인,1
 응급 의학,1
 에스트로겐,1
 현대생물학,1
 오스트,1
 티베트 불교,1
 마무리,1
 오답 체크,1
 크리스토,1
 직업 기초 능력 평가,1
 로렌스,1
 개인정보,1
 자연재해,1
 제주어,1
 계절,1
 암기,1
 스토리 텔링,1
 기술 능력,1
 육아 방식,1
 쇠퇴,1
 천왕봉,1
완자,1
 가정폭력,1
 테네시,1
 이용,1
 갑상선,1
 부탄,1
백스윙,1
 개벽,1
기도,1
 남북 교류,1
 범어사,1
 심해,1
 전담,1
 생강,1
 양약,1
 스티어링,1
 단테,1
 행렬식,1
 스타일 적용,1
기술사,1
 강의 수강,1
 액티비티북,1
 테스트,1
 여행자,1
채권법,1
 해수면,1
 윈스턴 처칠,1
 흑해,1
 죽음 이후,1
 수련자,1
 인칭 대명사,1
 전기,1
 스파르타,1
 사화,1
 알짜배기,1
에세,1
 모니터링,1
 팬츠,1
 전국,1
 대치,1
 과학 역사,1
 소외,1
 에고,1
 슈만,1
 월령,1
 코라,1
 영상법,1
 삼국 시대,1
 재해,1
 하노버,1
 체형교정,1
 베이징,1
 행사,1
 승진,1
 무한 경쟁,1
 원근법,1
 보고서,1
 구문 분석,1
 국사,1
 바자,1
 미술사,1
 서점,1
 위아래,1
 스즈키,1
 내집마련,1
과년,1
 학부모,1
 순서 파악,1
 애니메이션,1
 캐시,1
 만트라,1
 적벽 대전,1
 예제 문제,1
 너트,1
 멕스,1
 게임개발,1
 외식,1
 빵집,1
 집짓기,1
 언어 치료,1
 환경운동,1
케이블,1
스캔,1
 성산,1
 내성,1
 훈민정음,1
 스프레이,1
 일본 문단,1
보어,1
 카자흐스탄,1
시에스타,1
 공무원 합격,1
 국민 건강,1
 재무 행정,1
 무작정,1
 낸시,1
 뉴 노멀,1
 석탑,1
 영어 회화,1
 에피쿠로스,1
 인권,1
 코팅,1
 정신 병원,1
 충전기,1
 금융 산업,1
소금,1
채소,1
 공포,1
 영어 어휘,1
 학년도,1
 봄여름가을겨울,1
 다람쥐,1
파이썬 설치,1
 실제 출제 문제,1
지방행정,1
 하룬,1
 바장조,1
 초기 경전,1
 계이름,1
 발상법,1
 비평,1
에센셜 오일,1
 수법,1
 플라스,1
인물화,1
 잠언,1
 치유에세이,1
 피니,1
암세포,1
 병충해,1
 밀가루 반죽,1
 건강 문제,1
 추월,1
 벡터공간,1
 인테리어디자인,1
 영어 발음,1
 뮤지컬,1
애거서 크리스티,1
 엑소,1
 원자 모형,1
숨은그림찾기,1
 온라인 커뮤니티,1
행정구제,1
 이지혜,1
 쇠고기,1
 브릭,1
 인생관,1
 영화비평,1
 자속,1
 외부 공간,1
 후생 경제학,1
 일반 화학,1
 정규직,1
한국 민주주의,1
 피트니스,1
 버터플라이,1
제철 재료,1
 균형,1
 다한증,1
 언어 추리,1
 시 나공 홈페이지,1
인화,1
 경영자,1
 연금술사,1
 다르마,1
 나스닥,1
 집적회로,1
 슈퍼비전,1
 모래 놀이,1
 군주론,1
음악 이론,1
 예산 편성,1
 뉴런,1
 기운,1
 음료,1
 시공간,1
토양 관리,1
 예비 중학생,1
 물김치,1
 중국 경제,1
 아네모네,1
 선형 대수,1
 관통,1
 실천,1
 푸코,1
 하늘,1
 스펄전,1
 홀로서기,1
중학생,1
 과학 놀이,1
 보호법,1
 사이코패스,1
핵심 예상 문제,1
 호이안,1
 발리,1
 신약학,1
 핵심 개념,1
 아이언맨,1
 하오,1
 미분,1
 전화 응대,1
 식량 안보,1
 해설 수록,1
 마취,1
 소비자,1
 컨셉,1
 재현,1
 손금불산입,1
 구스타프,1
 부항,1
 파손,1
클라라,1
 옥토,1
금연,1
 시큐리티,1
경제전망,1
 김대중,1
 프로젝트,1
 파일 저장,1
 조끼,1
 루이제,1
관계 부사,1
 나눗셈,1
음계,1
 주머니,1
 대자연,1
 프로그래밍 언어,1
 노동시간,1
 폴라,1
 베이지안,1
 연말,1
기후 변화,1
 삼성전기,1
 히비스커스,1
국가 직무 능력 표준,1
 매출원가,1
 캐나다,1
 오뚝이,1
 프란스,1
 템플,1
 앨런,1
 차원 배열,1
 뇌력,1
 누나,1
 가드닝,1
 에세,1
 의료 정보,1
 사법 시험,1
 육사,1
 싸가지,1
 부가가치세 신고,1
 사료,1
 가치투자,1
 애덤 스미스,1
 기출 모의고사,1
 4차산업혁명,1
 영화 감독,1
 모차렐라,1
 호러게임,1
 연예인,1
 대형 교회,1
 일본소설,1
 매개변수,1
 안주,1
 레스,1
 인재,1
 한국 산업 인력 공단,1
패션,1
 스탠포드,1
 초등입학,1
 깍지,1
 미도리,1
보충 자료,1
고생,1
 이금희,1
 대전환,1
 수학여행,1
 영남,1
 근력,1
 큐브,1
 페스탈로치,1
 적응,1
 선의,1
 최근 공무원 시험,1
 하느님,1
 벡터 해석,1
 송악산,1
 스택,1
 심리상담,1
 불안감,1
 안식처,1
 찰스 디킨스,1
 사학,1
베이글,1
 얼굴,1
 저주,1
 프렌치,1
 근로복지공단,1
원서,1
 전투기,1
보티첼리,1
 임춘,1
프리미어,1
실패,1
 교양서,1
 여성주의,1
 푸아송,1
웨딩,1
 영미추리소설,1
제갈공명,1
아사,1
 스트레스 관리,1
 접합 다이오드,1
 아침 시간,1
 유가족,1
 윌리엄 포크너,1
 움직임,1
 삼풍,1
예산 편성,1
 삼총사,1
 드리,1
 장미,1
 해사,1
 카드 제공,1
키라,1
회계 기준,1
플랭크,1
 상시,1
 조각,1
 클러스터,1
 조시,1
 경영전략,1
 마르셀,1
 자각,1
 수양,1
 콘스탄티노플,1
 메릴랜드,1
 어지럼증,1
 민원인,1
위젯,1
템플스테이,1
최종 마무리,1
 마카,1
 일상에세이,1
 수레바퀴 아래,1
카드,1
 염증,1
 전라도,1
 침략 전쟁,1
 화폐,1
 몬드리안,1
 경간,1
 황현산,1
통독,1
수소 에너지,1
 미트볼,1
 에로스,1
 커뮤니케이션 능력,1
 프리츠,1
 멀티플렉스,1
 청취자,1
 요약 문 완성,1
 기생충,1
 색 보정,1
국가 고시,1
 장기투자,1
 도식화,1
 수갑,1
 직능,1
 소득세,1
 올인원,1
 권총,1
영혼,1
 저출산,1
 책임,1
 커튼콜,1
 자격시험 준비,1
 선시,1
 조성,1
 복식부기,1
 아기 고양이,1
 로지,1
 소득 격차,1
물류,1
 배당금,1
 원자재,1
 수면 습관,1
 교과서 핵심,1
 저염식,1
 응급실,1
 경외,1
 파타고니아,1
 기술적분석,1
 인터프리터,1
 소수 의견,1
 재무 설계,1
 체험학습,1
 담임,1
 간화선,1
 정치 경제,1
 육아 정보,1
 태양광 발전,1
 김훈,1
 혜능,1
 슬라이스,1
 러프,1
 캘린더,1
 자폐증,1
 우물가,1
 전정,1
무료,1
 미니스커트,1
 문항 유형,1
 동학사,1
 문학 이론,1
 마케팅 방법,1
 사찰,1
 양육태도,1
수퍼,1
 기본 질서,1
 폭염,1
 드라,1
 프랑스고전,1
 앱스,1
 공직자,1
 변호사 시험,1
 미적분학,1
 표준 국어 대사전,1
 스터,1
 중국 문화,1
 세이건,1
중개 실무,1
 자세 교정,1
 실제 시험지,1
 킬리만자로,1
 마우,1
 소풍,1
 프톨레마이오스,1
 흑백,1
 부사장,1
 트리거,1
 단기간,1
 몰디브,1
 직구,1
 멜랑콜리,1
 스탠딩,1
지구 시스템,1
 암 진단,1
 알브레히트,1
 언어학자,1
 사춘기 자녀,1
 동행,1
 여권,1
 관절,1
 통나무,1
심혈,1
 채색,1
최재천 교수,1
 난초,1
 능률,1
 과세 유형,1
 클론,1
 승리,1
 남녀노소 모두,1
 일품,1
 문명사,1
 혜택,1
 기후위기,1
베조스,1
 교실,1
 비트겐슈타인,1
 체중 감량,1
 간디,1
 바나나,1
 제언,1
 헌금,1
 소드,1
 공무원 국어,1
 이등변 삼각형,1
 행정법,1
 보건 정책,1
 토정비결,1
 무료 해설 강의,1
 시장 환경,1
칼로리,1
 법률,1
 일반상대성이론,1
 기와집,1
 보험 설계,1
 지방 재정법,1
 우주 창조,1
 일본 소설,1
입자,1
 서정시,1
 츠지,1
 장애 유형,1
 음악 용어,1
 갓바위,1
 환멸,1
 버섯,1
 피터,1
 토인비,1
 풀코스,1
 소도구,1
 프라이버시,1
 공유 결합,1
 유진,1
 교류,1
 카르보나라,1
 자수성가,1
 빨강,1
 협착증,1
 대인,1
 엘렌,1
 소아,1
 프랑,1
스릴러,1
 이반,1
 멧돼지,1
 상암,1
 중금속,1
 퍼텐셜,1
 물봉선,1
예루살렘,1
 대하소설,1
 업적,1
 나머지 사람,1
 독도,1
순위,1
 人生,1
 신학교,1
 세렝게티,1
 콩나물,1
 쌍곡선,1
하이데거,1
 불교에세이,1
 형용사 부사,1
 피라미드,1
 인성 면접,1
 여행사진,1
 인지,1
 해충,1
 넘버원,1
 공부습관,1
 등화 장치,1
 리프팅,1
데이터 모델링,1
조동사,1
코칭,1
 인도,1
 전체주의,1
 폐암,1
 희생자,1
부부,1
 철학 소설,1
 번역 과정,1
 성우,1
 엘리아스,1
 소액,1
 신유,1
 소망,1
 토픽,1
 장인,1
 멕시칸,1
 대행사,1
 북한이탈주민,1
 마흐,1
 달력,1
 목과,1
 오프라 윈프리,1
 애견기르기,1
경기,1
음모론,1
 추리 작가,1
 클린,1
 개비,1
 마크,1
 정신건강,1
 고전 시리즈,1
 개혁 정책,1
 무수리,1
 보험,1
 실행,1
라푼젤,1
 생활체육,1
 투자 원칙,1
 남미,1
 세기,1
무릎 통증,1
 고투,1
 팝송,1
실신,1
 수학 이론,1
 5·18민주화운동,1
 과학기술정책,1
 마거릿,1
 비자,1
 텐서,1
 시기,1
 생물,1
 탐사,1
 케이스 포함,1
 연도,1
물김치,1
 환상,1
 실재론,1
실천론,1
 교회사,1
오카,1
 신약,1
 격차,1
 신발,1
학습 지도안,1
 별점,1
 봉사,1
 제프 베조스,1
 문제 해설,1
 아르헨티나,1
 부정사 동명사,1
 스푼,1
 인공호흡기,1
 라오콘,1
 수련,1
 여론,1
김수연,1
 아기 동물,1
젠더,1
 통화,1
 찰스,1
 서화,1
 메 서드,1
 김경진,1
 스티븐스,1
 시가,1
 남자,1
 마르틴 루터,1
 블로그,1
 영작,1
 한국 문화,1
 뇌 질환,1
 버펄로,1
 주일 학교,1
 카렌,1
 슈퍼,1
 관제,1
 마티스,1
 맥락,1
 루시,1
 다카하시,1
공인노무사,1
 포물선,1
 예방법,1
 세금,1
 젊은작가상,1
 금서,1
 계곡,1
 정체성,1
 터너,1
 햇빛,1
 스트롱,1
 강아지기르기,1
 소송종료선언,1
덮밥,1
 역할,1
 건설 안전 기술,1
 얼리 어답터,1
문제 유형,1
 공부 방법,1
 출력,1
 가지치기,1
회복,1
 교양화학,1
 고시 공부,1
 고서,1
 임차,1
 시설,1
베스,1
영어 학습,1
 재택근무,1
 시계,1
 장례식장,1
 후설,1
 스토리 텔러,1
 외교 정책,1
 내방,1
 강아지,1
 아동 학대,1
 교육 공학,1
 인문계,1
 기업회계,1
내신 대비,1
 필수 문제,1
 브라우징,1
 다툼,1
 회전,1
 내라,1
 상시 시험,1
 목장,1
 의약,1
 그해 여름,1
 슬라이드,1
 응급 환자,1
 마리아,1
 베니스,1
 연습 문제 정답,1
 고객 가치,1
 돈 관리,1
 공포 정치,1
 고객 분석,1
비치,1
 수학 천재,1
 건강식단,1
 메타데이터,1
 불합격,1
 그리드,1
 정당,1
 적산,1
 후안,1
 교과서 개념,1
 가스,1
스테이지,1
 별책 부록,1
 티보,1
 방사성,1
 곰팡이,1
 함양,1
 유클리드,1
 지적호기심,1
 차트 삽입,1
 옥한흠,1
 리아,1
 사활,1
 피노,1
 생존,1
 초유,1
 케임브리지,1
나치,1
 요미,1
 슈트,1
 해산물,1
 동물원,1
뇌신경,1
 중세,1
 나타,1
 사고방식,1
 핵심 어휘,1
 예술 분야,1
 관련 교재,1
 아테네,1
 교과서 속 핵심 어휘,1
 계획서,1
 구절,1
 하드웨어,1
 샤머니즘,1
 표시,1
 생 텍쥐페리,1
 감동실화,1
 가정식,1
 그래픽노블,1
 장음계,1
 레그,1
 코디,1
데이터 관리,1
김경일,1
 전원주택,1
 여행사,1
 피니시,1
 작업 기억,1
 프레,1
 고유어,1
 천재,1
 카라마조프,1
 담금질,1
 수능 어휘,1
 복주머니,1
 로웰,1
 색색,1
악마,1
 덕트,1
 다큐프라임,1
 평균 수명,1
 정재승,1
 예언서,1
 정상회담,1
 변경,1
 산업 혁명,1
 건축 디자인,1
 척추 질환,1
사찰음식,1
우즈,1
 흐름,1
간호 실무,1
 원자핵,1
 발명왕,1
 호주여행,1
 선형 계획법,1
 까페,1
 명암,1
 성취 기준,1
 평화교육,1
 명대사,1
 사정,1
 동적,1
화술,1
손정의,1
 발달 특성,1
대처,1
 스웨터,1
 반두라,1
 윤석열,1
구역,1
 학군,1
 종만,1
 스타워즈,1
 으랏차차,1
 조용필,1
 퍼블리셔 스 위클리,1
 기본 문법,1
마인드맵,1
 시제,1
 종결자,1
 브레,1
 실생활,1
 바보 이반,1
 명화,1
 진리,1
시간 관리,1
교육 행정학,1
 판사,1
 대우건설,1
동해안,1
 위장,1
 항 학문,1
 변형,1
 중국어,1
 우피치,1
교토,1
 영감,1
 트랜잭션,1
 전기철도,1
 호수,1
 도둑,1
 임금제,1
 구현,1
 심전도,1
 무인도,1
 교단,1
 기출 해설,1
 스티브,1
 투잡,1
항 통신,1
 로빈스,1
인텔,1
 철학이론,1
 취재,1
유전학,1
 그릭,1
 저지,1
 해당 분야 전공,1
 보이차,1
 클리어,1
 오디오북,1
 어린이 책 작가,1
 중공,1
 동영상 강의 제공,1
 칼레,1
 진중권,1
 한국외교,1
 히어로,1
 헨리,1
 두란노,1
행정 조사,1
 건강음식,1
 과학사,1
 비파괴 검사,1
 말린,1
 담양,1
 안데르센,1
 세속,1
 경찰 관리,1
 아이 공부,1
 한양 대학교,1
 폴란드,1
 플레이트,1
 스위치,1
 카드 뉴스,1
 나이프,1
 고독사,1
 색,1
 케일,1
 해부 생리,1
 도가니,1
 가계부,1
 칼로리,1
 하이패스,1
 미분 방정식,1
 냄새,1
 카톡,1
 퍼즐북,1
 공격수,1
 여성학,1
 발해,1
 임용고시,1
 마야,1
 수능 기출,1
 성경 이해,1
 수동변속기,1
 최전선,1
 시안,1
 화수분,1
 장르,1
 황진이,1
 세무사,1
 활자,1
 알코올 중독,1
남남,1
 세계지리,1
 축음기,1
 리조트,1
녹말,1
 별표,1
 산호초,1
 조가비,1
 소녀,1
 리의,1
로봇,1
 아이 교육,1
 공간 디자인,1
 왕좌,1
 오키프,1
 서대문형무소,1
 구성주의,1
 번역 서,1
 퀘벡,1
숙어,1
 제곱근,1
 보유,1
 원문,1
 제인 구달,1
 제휴,1
 함수 정의,1
 회분 수록,1
 공동선,1
 어드레스,1
 이혼,1
 썸머,1
 실전 대비,1
 일본 전국,1
 인류 진화,1
 베스트 셀러,1
 빈민가,1
 간호사,1
로지스틱,1
 겉절이,1
어버이날,1
 형이상학,1
 서비스업,1
 스토아 철학,1
작화,1
 동아 출판,1
초보투자자,1
 이해력 향상,1
 코일,1
 세액 공제,1
 공무담임권,1
 구텐베르크,1
에이미,1
 환경 재앙,1
 면 요리,1
 비교 구문,1
 운동 기술,1
 경우 부모,1
 성화,1
 대한,1
 절반,1
 종말론,1
선형변환,1
 사주팔자,1
추리,1
 사고력 향상,1
 파이낸셜 타임스,1
 열등감,1
 바리스타,1
 소성가공,1
 게리,1
 양평군,1
 와일드,1
 구경,1
 굿맨,1
 어휘 어법,1
 클램프,1
 어감,1
 한국근현대사,1
 반말,1
 근육계,1
황선미,1
 형식 문장,1
 치열,1
 체외,1
시편,1
 학습 지도안,1
 하멜,1
 모의고사 수록,1
 소련,1
 미라클,1
국토연구원,1
 수학 놀이,1
 대가,1
 빈출 어휘,1
 대장경,1
 공의,1
 이산화 탄소,1
 칼 세이건,1
 파타야,1
 경계선,1
 브랜드전략,1
 기본 문제,1
이레,1
 실제 면접,1
 브란,1
 공리,1
 블리치,1
 방사선사,1
 젊은이,1
 발명품,1
 포지션,1
 렘브란트,1
 스페셜 리스트,1
 르누아르,1
 칸트 철학,1
 레이어 스타일,1
 겨울 풍경,1
 기능 활용,1
 김수환,1
 물감,1
 텍스트,1
 무한도전,1
 악보집,1
 프로그래밍 경험,1
 서술자,1
 도치 구문,1
 연차,1
 얼갈이,1
 태극,1
 고발,1
 카사블랑카,1
 행정 입법 부작위,1
 단팥빵,1
 여성 과학자,1
 운동 방정식,1
 감수성,1
 스틱,1
 상대성이론,1
 파킨슨병,1
 웹디자인,1
 승부사,1
 웹 애플리케이션,1
 생리학,1
 요지,1
 정서 발달,1
 출판계,1
청교도,1
 이상문학상,1
 증식,1
 빌 게이츠,1
 은나라,1
 인테리어,1
록펠러,1
 세끼,1
조경학,1
 나리,1
 호크니,1
 고급 활용,1
 기질,1
 병원 놀이,1
 벡터,1
 산업공학,1
 지능,1
 미래 세계,1
 오답,1
캠핑카,1
 알렉스,1
 이주민,1
 월세,1
 테러리즘,1
 샌프란시스코,1
 영역,1
 렉사,1
 싱가포르,1
 3.1운동,1
 해설 강의 수강,1
 건축 시공,1
 유부녀,1
 다산 초당,1
 출제,1
 양송이,1
 라파,1
 법체계,1
 부부,1
 비고츠키,1
 성공스토리,1
 결국 행복,1
 자유 학기제,1
대선,1
 노벨생리의학상,1
 미분법,1
 도식 추리,1
 임도,1
 취소 소송,1
 장실,1
 찌질,1
 정신분석학,1
 도요타,1
 원가 배부,1
 비유,1
 남북 협상,1
 네트워킹,1
 한국 산업 인력 관리 공단,1
 정신 분석 학자,1
 드라이버,1
 어휘 유형,1
 중요 작품,1
 한국어 교육,1
 노동조합법,1
 선량,1
 최재형,1
필답,1
 멸균,1
 이니셔티브,1
 천연 화장품,1
 투자은행,1
 외전,1
 커리,1
 체온조절,1
 가네,1
 마이애미,1
 프라이,1
 미국 역사,1
 코츠,1
 당선,1
 대덕,1
 오지랖,1
 치즈케이크,1
 데이터베이스 생성,1
 그리스 신화,1
 선고,1
업종,1
 화석 연료,1
 조문,1
차단기,1
 소방법,1
 대신,1
명상록,1
 교과서 속 핵심 본문,1
 자영업,1
 단색,1
간염,1
 갈라파고스 제도,1
 실전 전략,1
 남아프리카,1
 부하 직원,1
 남궁,1
 파이널,1
 로보트,1
 데스크톱,1
 콩글리시,1
 비틀스,1
기자,1
유닉스,1
 트랜스포머,1
 유니온,1
저체온,1
 조건부 서식 지정,1
 그루,1
 차크라,1
 강재,1
 한국 철도 공사,1
 단체교섭,1
 상공 회의소,1
가구,1
통일 신라,1
강릉,1
 심리 스릴러,1
 직렬,1
 빈출 개념,1
 재봉,1
 두뇌 훈련,1
플라톤,1
 품질 경영,1
 시스터즈,1
 국제분쟁,1
 예제,1
바벨,1
 실전 느낌,1
 에녹,1
 이계,1
 복소,1
 관우,1
 골로새서,1
 성남,1
 사회주의,1
 줄리,1
 선데이,1
 진화과정,1
 평강,1
 회화 표현,1
 역주행,1
 해밀턴,1
발음 연습,1
 수능 대비,1
 식물재배,1
 마스크,1
 엘리엇,1
 사진,1
 교양수학,1
 파피,1
 비판 정신,1
 남편,1
 문제 출제 경향,1
 로마서,1
 산화 환원 반응,1
 보청기,1
 단국 대학교,1
근육,1
익스트림,1
 스크립트 작성,1
 착취,1
 도면 작업,1
상품,1
 서산,1
 판막,1
 박자,1
 신경망,1
 케어,1
 뷰파인더,1
 이타주의,1
 대학 시절,1
 레스토랑,1
 힌트,1
 완벽 주의자,1
 실전 예제,1
스파클,1
 생애 주기,1
 핸드메이드,1
 스토킹,1
 홍인,1
 투탕카멘,1
 개론,1
 어쌔신,1
 통계 분석,1
 신화,1
 강화도,1
필기 노트,1
 형사보상 청구,1
 남해안,1
 레벨업,1
 손실 보상 청구,1
 핵심 파악,1
구려,1
 계산 원리,1
 누적 판매 부수,1
정서 발달,1
자니,1
대치동,1
 위안,1
씨네,1
 법학도,1
 선물,1
 허니,1
 군집,1
 중학교 영어,1
 기아,1
마르가리타,1
 신형철,1
 반복 출제,1
 목록,1
 애꾸눈,1
이윤,1
 친족,1
훗카이도,1
 유럽역사,1
 채팅,1
피벗,1
 자원,1
 정치 제도,1
 루스,1
 언택트,1
 조림,1
숙명 여대,1
 난독증,1
 김언,1
 도플러,1
 수의사,1
 밴쿠버,1
미분 방정식,1
 환경 설정,1
 쓰임,1
 그랜트,1
 박성우,1
성검사,1
 가이사,1
심리,1
 글자 장식,1
 드라마원작소설,1
 프라이즈,1
 카르텔,1
 분당,1
 고드,1
 공명,1
 학습 만화,1
 사막여우,1
 시장경제,1
 증발,1
 재즈피아노,1
 적재,1
 휴먼스토리,1
 자리,1
 꽃말,1
 저작권법,1
 감리교,1
 연상,1
 동영상 삽입,1
 활동 기준 원가 계산,1
 취약 계층,1
직류 전동기,1
 시련,1
 방역,1
 밥벌이,1
로마 문명,1
 조직 설계,1
 여성 혐오,1
 개정판,1
 음성학,1
 진호,1
 출제 연도,1
 문장론,1
 펀드,1
 환경보호,1
 건설 기계 관리법,1
 해외여행,1
플래시 카드,1
 탈피,1
 지각,1
 북구,1
전처리,1
 별자리,1
스위스,1
 김선미,1
 IoT,1
 신용카드,1
 스텔스,1
 미수론,1
 예하,1
 걷기 여행,1
 추방,1
 본질,1
 형량,1
이집트,1
 건설업,1
 최신 기출 유형,1
 혈당,1
스탠퍼드,1
 제주시,1
 공공 기관,1
 한국사,1
 콩나물 무침,1
납부 세액,1
콘스탄티누스,1
 테슬라,1
 교양지구과학,1
 건설,1
 과식,1
 카츠,1
 건반악기,1
이중성,1
 은행,1
 출제 가능,1
양론,1
 선자,1
 악동,1
 콘셉트,1
 뉴스그룹,1
 러시아고전소설,1
 마르쿠스 아우렐리우스,1
 라인,1
 후스,1
 부모 자녀,1
 패턴 인식,1
 식품 위생학,1
 진여,1
내신 문제,1
 정규 표현식,1
 근육운동,1
 투데이,1
 방해,1
 로제,1
 인상파,1
 자연치유,1
클리어,1
 인생 수업,1
볼츠만,1
 경추,1
 소화,1
 온라인 강의,1
순환계통,1
 크롤링,1
 쿠다,1
 외계 생명체,1
미니멀라이프,1
 한방 치료,1
건강 기능 식품,1
 기타,1
 팬더,1
항 종교,1
 게임,1
 포켓북,1
 통변,1
탈출증,1
 스텔라,1
 최근 기출 복원 문제,1
빌 게이츠,1
 신경 정신,1
웹소설,1
 보복,1
 그래피티,1
 손 편지,1
 구성요건,1
 상세도,1
 진도,1
 물리,1
 해원,1
 쿼트,1
 작도,1
모택동,1
유산소,1
 수수,1
 세포,1
 농민,1
 피날레,1
 요오드,1
 호스피스,1
 온기,1
 데이지,1
 항 종교,1
 존댓말,1
공급사슬 관리,1
한국 사회,1
 엘리사,1
 속살,1
 후각,1
 사업가,1
 전세,1
 입력,1
 자료 분석,1
 리버스,1
 핵심 표현,1
 키신저,1
 웹 표준,1
 마케팅전략,1
 타로,1
 동안 출제,1
 빈센트 반 고흐,1
 핫 플레이스,1
 과속,1
 아이스킬로스,1
 개수,1
 돌풍,1
 타파,1
 박원순,1
 브이,1
 성서원,1
공부법,1
 사도신경,1
금속,1
독일,1
 북마크,1
 행동 변화,1
프로게이머,1
 바른자세,1
 계정,1
 안개,1
 에밀리 디킨슨,1
 캐모마일,1
 마음챙김,1
 사은품,1
 특별 혜택,1
 추억,1
 최신 시험,1
 유래,1
 모략,1
 미식기행,1
 삽입,1
 오월,1
 선행,1
 열량,1
 연산 증폭기,1
 베르사유,1
 레몬,1
 암치료,1
 갯벌,1
 가해자,1
 그랜드캐니언,1
 발음 기호,1
부가가치세 총칙,1
 윤재,1
 다수 수록,1
 파출소,1
 휴먼 에러,1
 응답,1
 실제 수능 시험,1
 합격 시대,1
 음악 지식,1
 니어,1
 일독,1
 프로토콜,1
 치료,1
 화재 안전 기준,1
 화재 예방 소방 시설,1
 초등학교,1
표시 기준,1
 사진집,1
 범죄학,1
 레이나,1
 허벅지,1
 소화 기계,1
 퍼피,1
 창작 동화,1
 정복자,1
 변론준비절차,1
 구부,1
 공작,1
 목포,1
 앤드류,1
 김병종,1
 핵심 요약정리,1
 환기,1
 사순절,1
 세계문학상,1
 대한 제국,1
그립,1
 단위 테스트,1
 도마,1
 대량,1
적중,1
신영,1
 소생,1
 게임 제작,1
 연탄,1
 드론,1
 밀턴 프리드먼,1
 신속,1
 일본어 학습,1
 유럽 곳곳,1
 밀레,1
 낙원,1
생체 역학,1
회고록,1
 무신론,1
 세잔,1
 자기혐오,1
 전문 연구원,1
 가수,1
 올드,1
 요식업,1
오슬로,1
 인터 스텔라,1
 확인 소송,1
 등심,1
 주제어,1
 드러커,1
 딜레마,1
 예비아빠,1
 라파엘로,1
 단전,1
 오해,1
 파주,1
건식,1
 총기,1
아프리카,1
 도형 그리기,1
 아보가드로,1
 실전 모의고사 정답,1
 표준 발음법,1
 공동체,1
사원,1
소련,1
 관료,1
 포르투갈,1
고양이,1
 증서,1
 양생,1
 소수,1
 운동법,1
 기본소득,1
아인슈타인,1
 고아원,1
 옥스퍼드,1
 지원 센터,1
블라디보스토크,1
설계,1
 아웃 라이어,1
 소뇌,1
 완전 범죄,1
 삶의가치,1
 프란치스코 교황,1
 인센티브,1
크리에이터,1
교육 계획,1
 패커,1
 워커,1
 화산,1
 주라,1
 시티투어,1
 표지,1
 지구 온난화,1
 코로나 바이러스,1
 가라지,1
 리치,1
재무제표,1
 효능감,1
 브로드웨이,1
 항 통신,1
 심신,1
 인본주의,1
 캄보디아,1
 법정 스님,1
 데드,1
 생리통,1
 피지,1
 언어 능력,1
 제약 산업,1
예술가,1
 산성,1
 트레인,1
 펀딩,1
학원,1
 특수 회계,1
 정원사,1
 기역,1
 자연어처리,1
 플랜트,1
 앙금,1
 행정 입법,1
 총장,1
민사법,1
 페인트,1
 데이터 삭제,1
 최근 기출문제,1
 유지 보수,1
웹프로그래밍,1
 내시경,1
 샤프,1
 방언,1
 표현식,1
 뮤즈,1
 체크인,1
 스승,1
 샌드위치,1
 글래드웰,1
 봉준호 감독,1
 한국 현대사,1
 야만인,1
 게스트,1
 빈칸 완성,1
 심화,1
 사막,1
 소화성,1
 프레젠테이션,1
 취미,1
 코엘료,1
 걸리버,1
 목적격,1
 경제 사회 문화,1
 문서관리,1
 보문,1
이유미,1
 지배 권력,1
 붉나무,1
 뇌,1
 국기,1
 방사선 치료,1
 은호,1
 외과의사,1
스윙,1
 전단기,1
 적 중도,1
 산부인과 의사,1
 팔레스타인,1
 역대 대통령,1
 브루클린,1
 비염,1
 사단,1
 관용,1
인천시,1
 성과 중심,1
독립 협회,1
 베이컨,1
 실력 확인,1
 옆집 아이,1
 암기 학습,1
 나무젓가락,1
 수집,1
 라이프스타일,1
 플롯,1
 근친상간,1
 온실가스,1
 문장작법,1
 풀오버,1
 스티븐,1
 토씨,1
 모리츠,1
 알리,1
 주관식,1
 카 이스트,1
 경찰 활동,1
경혈,1
 발렌타인,1
 팥빙수,1
 축복,1
 건축물,1
진료소,1
 인체 구조,1
속초,1
 대참사,1
체크인,1
 로그인,1
 나물,1
 증오,1
호흡기계,1
 무직,1
 영어 생활,1
핵심 문법,1
 머리,1
검찰청,1
 동양 고전,1
 신주쿠,1
 향일암,1
 아세안,1
 모터,1
활자,1
 과목 컴퓨터 일반,1
 오르페우스,1
 로로,1
 호스팅,1
 흠모,1
 브랜딩,1
 시계열,1
 삼겹살,1
 운곡,1
 프랭클린,1
 제철재료,1
이별,1
 연옥,1
프레이,1
 소르,1
 피클,1
 액세서리,1
 양식,1
 초조,1
 법해석,1
 서블릿,1
 세제,1
 색인,1
 인과관계,1
 예비 엄마,1
 사하라 사막,1
 간헐,1
 외모 지상주의,1
 고고학,1
어류,1
 비트 연산자,1
베이,1
 데이터베이스 활용,1
 반란,1
 사계절,1
 미노스,1
직무 능력 평가,1
자격증 취득,1
 적중 모의고사,1
 커피 한잔,1
 아침 운동,1
 목구조,1
문서 작성,1
 정인,1
 러플,1
 제주 여행,1
 인체,1
 아담,1
 콜레스테롤,1
 교육 행정직,1
 여성,1
 주세요,1
 기술 요소,1
 알마,1
 사법시험,1
 중편 소설,1
 국어 어휘,1
 독서 교육,1
 도면 그리기,1
 불의,1
 사업 계획,1
 낙심,1
강제 수용소,1
 가우스,1
 약초,1
 랭킹,1
 관련 어휘,1
 마이너스,1
 인사 표현,1
 육식,1
 심지,1
 운석,1
성장 소설,1
 루마니아,1
 페덱스,1
 연구 기관,1
 머신러닝,1
 삼각형,1
 시력,1
 근로,1
 실내악,1
 거짓말,1
 시간 함수,1
 실제 임상,1
 위험 관리,1
 집착,1
대시보드,1
 안익태,1
 유적지,1
 빌더,1
 편협,1
 성경 공부,1
솔루션,1
 인테리어 디자인,1
 과목 스프레드시트 일반,1
 녹내장,1
로그 함수,1
 선택,1
 영국여행,1
빈출 표현,1
 전국연합,1
 실력 테스트,1
 궁금증,1
 소라,1
 증권 투자,1
 음악 수업,1
 웹사이트,1
 한국가스공사,1
 편지,1
쿠루,1
 마음치유,1
 약리학,1
 서구 문명,1
 와이드,1
 아기 오리,1
 슈미트,1
 격변,1
만화,1
 정조,1
 구족,1
 소마,1
한국전력,1
 스티븐슨,1
 이적,1
 어순,1
 운수,1
윤회,1
 통전,1
 금언,1
 개인주의,1
 짝짓기,1
 피정,1
 유성,1
 슬라이,1
 법무사,1
 배당,1
 필기체,1
 잠재력,1
 정신,1
 인덱스,1
 고수,1
 노후 생활,1
 음양,1
 복막,1
 류성룡,1
 조경 관리,1
 탑승수속,1
 고슴도치,1
 기출 표시,1
 유니버스,1
 성적 분석,1
 친족 관계,1
 제주도여행,1
 독립,1
 도면 작성,1
 범주,1
 시 가운데,1
 퀘스트,1
 약관,1
 야고보,1
면역력,1
선정당사자,1
 용어,1
 모스크바,1
 내분비계통,1
 유튜브크리에이터,1
사업 계획서,1
 스피릿,1
 만약,1
 아들키우기,1
 갈비,1
 보고서 작성,1
 고아,1
 유다,1
 포토,1
 오두막,1
 아이작,1
 어법,1
 브랜드,1
 다단 설정,1
 파일,1
 연출,1
 히키코모리,1
 만렙,1
 백인,1
 아나톨리아,1
 프로젝트관리,1
 피처,1
 콘텐츠,1
 오버로드,1
 연쇄 살인,1
 집단주의,1
 닭 가슴살,1
 드라이,1
 담장,1
문해력,1
 언어 이해,1
미얀마,1
 지중해 연안,1
 차별,1
 오지,1
 카미노,1
 독심,1
 자율 학습서,1
 과학이론,1
 과거 분사,1
 도호쿠,1
 네트워크 관리,1
 사무엘,1
손익계산서,1
 제사,1
 안료,1
 여성문제,1
 현혹,1
 천재 소녀,1
 장강명,1
 불꽃,1
 고학년,1
 진보,1
 굴욕,1
 미디,1
 열화학,1
 책 사랑,1
소방관,1
 인과,1
 유후인,1
 트레이닝,1
 공자,1
 외국,1
 그랑,1
 시카,1
 골든 타임,1
 마인드,1
 정화,1
 발사믹,1
 무스,1
 수학 교재,1
운송,1
 도루,1
 물적분할,1
 인디언,1
 오르세,1
 자신감,1
 독해 영역,1
 선택 정렬,1
 종이,1
 행정 정보,1
 규격,1
 교제,1
운남,1
 동물 캐릭터,1
 야망,1
 빈칸,1
 여행정보,1
 관련 개념,1
 스페인여행,1
 상담 치료,1
 출판,1
 랜드마크,1
 생활법률,1
둘레길,1
과학고,1
 기업가 정신,1
 부활,1
 영향,1
 하네,1
 종자,1
 총신,1
 페어웨이,1
 해양생물,1
 신라 하대,1
 수업 사례,1
개국,1
 노테이션,1
기업경영,1
 전혜린,1
 금융 지식,1
 공책,1
 레거시,1
 아르센,1
 에베소,1
 규칙,1
 김형준,1
 문장 분석,1
 블록 공사,1
 자료 구조,1
 주차,1
 마이닝,1
 자기,1
세계 자연 유산,1
 근막,1
 테리어,1
 배추,1
 유튜브 채널,1
 면접 기출 수록,1
 밑바닥,1
 육군사관학교,1
 가방,1
 인문,1
 샤론,1
 여성 억압,1
 보디빌딩,1
 관용구,1
 마지막 선물,1
 한강,1
 형사법,1
 슈가,1
 감염,1
 예능,1
 프래,1
 기능사,1
 이상기후,1
 요나단,1
 모유,1
지류,1
 생태학,1
 문재인,1
 아시아,1
 뉴먼,1
 주제 파악,1
 체류,1
 공존,1
 방사선학,1
 히치,1
 데일리,1
 유발 하라리,1
 원어민 발음,1
 평가,1
 이노베이션,1
 개항,1
 악보,1
컨버터,1
시나리오,1
 비법,1
 성균관 대학교,1
 파이브,1
 색감,1
 내신 성적,1
 가단조,1
 소머리,1
 기직,1
 고야,1
 어벤저스,1
 쓸모,1
 경제 상식,1
 종양,1
 편두통,1
 스펠링,1
 소피아,1
 연습장,1
 나태주,1
 갑신정변,1
멸치 볶음,1
 복합체,1
 디지털 미디어,1
 교육청,1
 허리뼈,1
 자바언어,1
 오미,1
 반납,1
 화학자,1
 발췌,1
 간월암,1
 연주곡,1
 편의점,1
흑사병,1
 기묘,1
 축구,1
 동남아여행,1
 피드백,1
대한민국 헌법,1
만화책,1
 레이스,1
 굴드,1
 코로나바이러스,1
 함수 마법사,1
 작업 안전,1
 휴머니스트,1
 전래 동화,1
리스본,1
 양육 방법,1
 암호학,1
 탈무드,1
 베조스,1
 데카당스,1
 부부 사이,1
 핵의학,1
중앙은행,1
 도감,1
 문서,1
 종합소득공제,1
 힉스,1
 규칙 동사,1
투자 전략,1
 김치,1
 수 추리,1
 영화이야기,1
 독일에세이,1
 왕 초보자,1
 비법 노트,1
 훈육법,1
 내생,1
 각축장,1
 현실주의,1
 설명,1
 지역발전,1
 장편,1
 마음 한구석,1
 이중 나선,1
 사회 공부,1
 말주변,1
 변신,1
 물권,1
 현직 교사,1
 집단 토론,1
 단어 리스트,1
 오마이,1
 퇴직 연금 제도,1
 된장,1
 일신,1
 영문,1
 캐럴,1
인포,1
 창조론,1
 바스크,1
 공진,1
 론도,1
스팸,1
 인터넷마케팅,1
고급 어휘,1
 배변 훈련,1
 시기심,1
 영작문,1
 버버리,1
 사도행전,1
 간호학,1
 자본주의 경제,1
정규 표현식,1
 성북구,1
 방법 아이,1
 염기 평형,1
 사연,1
 재봉틀,1
호놀룰루,1
 요한 계시록,1
 신경증,1
 뉘른베르크,1
 바카,1
 독일 문학,1
 청소,1
 야생화,1
 공소장,1
 호텔,1
 인공 신경망,1
 직류 전동기,1
 인쇄소,1
 치히로,1
명동,1
 표고버섯,1
엑소,1
 여학생,1
 조던,1
 소송비용,1
 파란만장,1
 갈레노스,1
 성립,1
 시스템 보안,1
 전사,1
 파이터,1
 영한사전,1
칸토어,1
 감탄문,1
영양 관리,1
 자크,1
수레,1
개념 완성,1
 와카,1
 암호 화폐,1
 프로필,1
 제갈량,1
 찬성,1
 배당주,1
 밀링,1
 말문,1
 예비,1
 아동심리,1
 원단,1
부등식,1
 마그리트,1
 케이블,1
화가,1
과학동아,1
 원화,1
 호찌민,1
 마르틴,1
 성전,1
 수포자,1
 소송요건,1
 솝 우화,1
 하운드,1
 평범성,1
 기기 분석,1
 순종,1
 노벨물리학상,1
 해석,1
비티,1
즉답,1
 멸종 위기,1
 도슨,1
 미키,1
 서양 철학,1
 소프트,1
 설계 단계,1
 글쓰기 공부,1
 기본 도형,1
 백악관,1
 정성,1
 미움,1
 철도,1
 도식,1
 용돈 관리,1
 종양학,1
 예약,1
 모국어,1
 내정,1
 수학 능력 시험 준비,1
 쑥국,1
 김우창,1
 행보,1
 엉망진창,1
 칸쿤,1
 지체 장애,1
 단편 소설,1
 탐험,1
 안현미,1
 오피스텔,1
 양육자,1
 애니,1
 국사편찬위원회,1
 로케이션,1
 야만,1
 명예훼손,1
 부동산투자,1
 미술 교육,1
정기 시험,1
 루아,1
 문자표,1
 태국여행,1
 임상 검사,1
 파인만,1
 스핀,1
 압축성,1
 식빵,1
 이케아,1
 사고력,1
 경리,1
 통일 신라,1
 율법주의,1
 덤보,1
조선 후기,1
 군복,1
 도망자,1
 신소재,1
 히포크라테스,1
 보드,1
 떡볶이,1
 덤불,1
 글작가,1
무형 자산,1
 리먼,1
 섀넌,1
 워라,1
 제약 이론,1
초본,1
 급 기출문제,1
 편향,1
 다다,1
 품사,1
 하락,1
 교실 수업,1
말린,1
 전통 예술,1
가드,1
 건축설계,1
시티투어,1
 인간내면,1
 바이올리니스트,1
 정당제,1
 아일,1
 문장 해석,1
 열전,1
 오징어,1
 도레미,1
 다장조,1
 현대 예술,1
 아플리케,1
 뷰티풀,1
놀이교육,1
 유누스,1
 운동 수행,1
 신문,1
 사교육,1
 세라,1
 지구력,1
판타지소설,1
 경멸,1
 부케,1
 퇴근길,1
 진행 단계,1
 피아노연주곡집,1
 분기점,1
채용 안내,1
 아랫배,1
 개혁주의,1
 조직 개발,1
 막강,1
 고대 그리스,1
 남북,1
 오컴,1
 인공지능 시대,1
 현대 물리학,1
수포,1
 마스,1
 프로그래밍언어,1
 노벨 물리학상,1
 일러스트 작가,1
 한국 경제,1
 소도시,1
 논리학,1
 정신증,1
 군사,1
 와이파이,1
수원 화성,1
 화집,1
 환대,1
 프라,1
 금강경,1
 로이,1
 성분,1
평등,1
 분별,1
 토토,1
 가평,1
 도구,1
과학,1
 프로토 타이핑,1
 실전 감각,1
 성공 원칙,1
 매출채권,1
 인간 심리,1
 안경,1
 기드온,1
색연필,1
 사법,1
 계시,1
 체코소설,1
 블록,1
 대법원판례,1
 과학기술,1
 흥선대원군,1
 그라스,1
 카라반,1
 에머슨,1
 보드게임,1
 상실,1
 소프트웨어개발,1
 캠 핑장,1
 텔레,1
 입시 제도,1
 소송법,1
 학령기,1
 퀴어,1
 독서법,1
 어니언,1
한국 소설,1
 공기 청정기,1
 트위터,1
 김상욱,1
 사경,1
 노무현,1
영문법,1
 비빔면,1
 명제,1
 무결성,1
 동물행동학,1
동아리,1
 총선,1
 로마네스크,1
 출애굽기,1
 아쿠타가와상,1
 베토벤,1
 마무리 문제,1
 직무 능력,1
라틴어,1
 캐나다여행,1
 파더,1
 비동기,1
 세대,1
 무아,1
 숨쉬기,1
 영어사전,1
 방탄소년단,1
 뉴딜,1
 응급처치,1
 볶음,1
 증강,1
 아토피 피부염,1
 요지 파악,1
 암기 노트,1
 음운 체계,1
 논리 퍼즐,1
 사울,1
스티커,1
 인체해부학,1
 약재,1
성우,1
 사느냐,1
 북극곰,1
 정보 통신,1
 핵심 패턴,1
 한자 변환,1
 코딩,1
 기본 지식,1
 설렘,1
 재발,1
남북국 시대,1
 하와이,1
 어프로치,1
 성경 이야기,1
 페인터,1
 미네르바,1
 장애미수,1
 엑셀함수,1
 화학 공학,1
 빙하,1
 최신 기출 복원 문제,1
아웃소싱,1
 박남준,1
 방폭,1
 돌베개,1
 중고,1
 도덕철학,1
 소책자,1
 일본 전역,1
 분사,1
 힌두교,1
 집단,1
 레오폴드,1
 골격근,1
 영미,1
 루스벨트,1
 뮐러,1
 공황장애,1
 노인,1
 오리엔트,1
 통독,1
 비기,1
 연쇄 살인범,1
 상황 판단,1
 산후 조리,1
 이디스,1
 유체 역학,1
 일자리,1
 구상,1
 독일고전,1
 확언,1
시한부,1
응원,1
 여성 시대,1
 동형 모의고사,1
 남동,1
 양자론,1
 동유럽,1
 베어링,1
 전화 상담,1
 생명체,1
 스마트,1
 마블,1
뉴요커,1
 직무 기술,1
 국립암센터,1
가나다,1
 국비,1
 소화 기관,1
 요금제,1
 동의어,1
 교육방법,1
 치수 공차,1
 지방 공기업,1
 남원,1
 천체 망원경,1
 에비스,1
분사 구문,1
 미래 에너지,1
 캐리커처,1
 아야코,1
 포스터,1
 나이아가라 폭포,1
 저널리즘,1
 이산화,1
 상담소,1
 혼공,1
 복학생,1
 교과서 속 핵심 문법,1
 리버티,1
그리스도,1
 영재 교육,1
 모티브,1
곤충,1
 동맥경화증,1
 도덕경,1
 몽블랑,1
 신부전,1
 공무원 기출문제,1
 파스퇴르,1
 오스틴,1
 목공예,1
 욕구,1
 접사,1
 정기 시험,1
 노안,1
 시나리오,1
 이은경,1
 상체,1
 민주 사회,1
 도시 설계,1
 테레사,1
 수리 논리,1
누룩,1
 고독,1
 구매 관리,1
 웨스트,1
 디프,1
교사,1
 피벗 차트,1
 열병,1
 창업자,1
 모의고사 문제,1
 우주비행사,1
글씨체,1
 인도 여행,1
 집필,1
 남한,1
 패트리샤,1
 조직 행동,1
 한자 단어,1
 엄마야,1
 직무 능력 검사,1
 캔버스,1
 스케이프,1
 시체,1
 올림포스,1
 석유,1
 반응식,1
 변비,1
 베르겐,1
 불교,1
 살아요,1
 암호,1
 경향,1
 팬케이크,1
 로지스틱,1
 긴즈버그,1
 성남시,1
 위생 설비,1
 모사,1
 알프레드,1
스카치,1
전기 공사,1
 설정,1
 주주,1
 바바,1
최종 모의고사,1
 한국정치,1
 수종,1
 아유타야,1
 초기 불교,1
 점선,1
 릴리스,1
 실력 다지기,1
 현대 자본주의,1
 마지막 소설,1
 자폐,1
 플랜지,1
 에디터스,1
 인성 검사 소개,1
 동심,1
 만회,1
 범위 모의고사,1
인터랙션,1
 핀테크,1
통화 정책,1
 수능 시험 준비,1
 칠드런,1
 프랑수아,1
 프로덕트,1
 종합부동산세,1
 지선,1
 퍼스트레이디,1
 관성,1
 수학사,1
 뷔페,1
동양,1
 기본 생활 습관,1
 송무,1
 김병훈,1
어휘,1
 자동 제어,1
그라탱,1
 고용 노동부,1
 생활 회화,1
 김환기,1
 선견지명,1
 인공 지능,1
 샴페인,1
 자격증 시험,1
 제어 회로,1
극단주의,1
 위험물 안전 관리,1
 주홍색,1
 시차,1
 영어 능력,1
 비발디,1
 읽기,1
 도시재생,1
월출산,1
 미술 감상,1
 소설 속,1
 기억법,1
 닭고기 수프,1
촛불 혁명,1
 농업 혁명,1
계측,1
 경우,1
 한국 기독교,1
 농담,1
 통행 방법,1
 국제 정치,1
 급부상,1
 암실,1
 아이젠하워,1
 표준편차,1
 비잔티움,1
 깜지,1
 부처,1
 레토,1
 단기 완성,1
 파도,1
 네이션,1
행정 규제,1
 에너지 시스템,1
 사고뭉치,1
 과거,1
 토의,1
음운 변동,1
 김미경,1
 워터,1
 학과,1
 라이트,1
 답변서,1
 활동가,1
 동거,1
호모,1
 남미여행,1
 일본어문법,1
 학교 시험 기출 문제,1
미로,1
 칸딘스키,1
싱글,1
시제,1
 완벽 분석,1
 김춘추,1
 주어,1
 리트,1
 영어 학습,1
 신사임당,1
 관주,1
 바둑판,1
 실제 출제,1
 교과서 대화 다지기,1
 펀드 투자,1
영어사전,1
 부대항소,1
 김정일,1
 캐딜락,1
 탄소,1
 막걸리,1
인간 실격,1
 기획,1
 야곱,1
 사회 계약,1
 재미,1
 주해,1
 학습 방법,1
 냉장고,1
 경계,1
 해수면상승,1
 하이데거,1
 캐슬,1
 사마천,1
 사설,1
 미역,1
 규장,1
 강박장애,1
 에이프런,1
 트레이스,1
 식품 성분,1
 대뇌 피질,1
 제조,1
데일 카네기,1
 이중섭,1
최종 점검 모의고사,1
 추론,1
 규제,1
 부업,1
 기본 단어,1
그리스도론,1
 연속 방정식,1
 인고,1
 엄마 마음,1
 순정,1
 공기 놀이,1
기후 위기,1
 전남,1
수능 유형,1
 면도날,1
핫도그,1
피오르,1
레즈비언,1
 살인자,1
 구문 학습,1
 생체 리듬,1
 신호,1
 영어 선생,1
 어린아이,1
 캐릭터 애니메이션,1
배심원,1
 북카페,1
 동국 대학교,1
 미국 유학,1
 자유여행,1
 펜션,1
정적분,1
 남자 아이,1
 펠로폰네소스,1
 인칭 주어,1
 영어 초보자,1
군무원 시험,1
 과학 소설,1
 인지 발달,1
 이진,1
다수 출제,1
 폰트,1
 학살,1
 선택 도구,1
 풋내기,1
 실전 감각 극대,1
 수선,1
 프레드,1
 허리 통증,1
 공교육,1
 도급,1
 블랜딩,1
 고대 국어,1
정신 건강,1
 공인회계사,1
 오로라,1
 회복 탄력,1
고객 만족,1
비트 연산자,1
 레인저,1
 뉴요커,1
 당뇨 환자,1
 난치병,1
 철종,1
 프라모델,1
 한나 아렌트,1
 기계요소,1
 말놀이,1
미키 마우스,1
 연구원,1
 객관식 시험,1
 추리,1
 스핑크스,1
 안초비,1
 삶의태도,1
 정령,1
 예술사,1
 델리,1
 보영,1
 브루너,1
 스팸,1
 최종 정리,1
 다이아몬드,1
 입시 전형,1
고공 행진,1
 케빈,1
 지휘,1
 마법사,1
 과잉,1
 지름길,1
 효자손,1
 신학 사상,1
 스키장,1
 소학,1
 근로 소득,1
 공병호,1
 서대문구,1
크로아티아,1
 우쿨렐레,1
 가해,1
현미,1
 양장,1
 식판,1
 평신도,1
 벅스,1
 파급 효과,1
 조건 연산자,1
 여행 초보자,1
 라부아지에,1
 수능 영어,1
 컴퓨터 활용 능력,1
 명령 실행,1
수학이야기,1
카프카,1
 재무 회계,1
 해체 공사,1
 운동 치료,1
 인생론,1
라이브러리,1
 모세 혈관,1
 소문,1
투약,1
 사고 실험,1
 그라,1
 메릴린,1
 염장,1
 자이,1
 유학,1
 스프,1
 라비,1
 조리 원리,1
 지방 선거,1
 교훈,1
맥닐,1
 초보자,1
 바빌론,1
 오브젝트,1
 삼성물산,1
 익스프레스,1
마룡,1
 안중근,1
 백내장,1
 즐거움,1
 소장,1
 휴업,1
국제 정치,1
관세법,1
 부가가치세 총칙,1
 수업 방법,1
 수염,1
 1인가구,1
우선순위,1
 막심,1
 정호승,1
 수학자,1
 외주,1
 브레인,1
 완도,1
 중심극한정리,1
 확증편향,1
 갈루아,1
 아웃,1
 아라시,1
치매 예방,1
 장내 세균,1
 다원,1
 토론 수업,1
 언어 생활,1
 계약서 작성,1
 모란꽃,1
 데이터 형식,1
 그림 사전,1
 동백,1
고인돌,1
 엘르,1
 안도,1
 소설가 구보,1
 사이다,1
 기업 분석,1
 워크숍,1
 야간 비행,1
 내단,1
 여교사,1
 수익 창출,1
 앤디 워홀,1
김삿갓,1
 윤희,1
 리마,1
 카이제곱,1
 아웃렛,1
 토성,1
 월요일,1
 체르노빌,1
 공연 예술,1
능력,1
 방패,1
구간,1
 동요,1
 수제,1
 독학,1
 앤더슨,1
이슈,1
 유정,1
 다행,1
개발 행위 허가,1
 퍼스,1
 지문 이해,1
 부모 교육,1
 유형 분석,1
 어깨 통증,1
 생활 철학,1
스승,1
 과일,1
한국현대소설,1
 음자리표,1
 하이브리드,1
 백록담,1
 관객,1
 김행숙,1
 재질,1
 유전체,1
 위스키,1
학습 모듈,1
 실전 예상 문제,1
 행정 규제,1
 데이비스,1
미국인,1
 주의력,1
 전기 장치,1
리버,1
 요통,1
 태고,1
 수수께끼,1
 학력,1
 연구,1
 환경변화,1
 러시아여행,1
 이윤,1
빈칸 완성,1
 푸름,1
 경제철학,1
 깃 허브,1
 고등,1
 마르셀 뒤샹,1
 소득 분배,1
기사,1
 대교,1
 산점도,1
 근대 국어,1
 왕벚나무,1
 고침,1
 자동 채점,1
 바스키아,1
 고등 학교,1
 비신자,1
 내가,1
 사통,1
 거제,1
 부당이득,1
 무침,1
 학평,1
스즈키,1
최신 판례,1
 레지스,1
에픽,1
텍스처,1
미술,1
 프로세서,1
 의견,1
 프로파일,1
 제론,1
스무디,1
버클리,1
 현재,1
 해외 투자,1
 산토리,1
 품셈,1
 변압기,1
 삽입 정렬,1
 간송,1
 김금희,1
 개인정보 보호법,1
 토익 시험,1
 관련 학과,1
 목적격 관계 대명사,1
인공 신경망,1
배색,1
 해석학,1
카츠,1
 봄베이,1
 동선,1
표준 발음법,1
 시험 접수,1
증거,1
 도전 정신,1
 아포리즘,1
캠 핑장,1
 취약 유형,1
 유인원,1
 기계식 주차장,1
 목적격 보어,1
 재클린,1
 에밀,1
 운동 발달,1
 지푸라기,1
 저널리스트,1
 전기차,1
 티벳불교,1
 정신 분석가,1
 슬로우,1
 맹자,1
 관절염,1
 학교 교육 과정,1
 영어 회화 표현,1
 교육 사회학,1
 타이탄,1
 이성복,1
 헬라,1
 바르샤바,1
 미술관,1
 필름,1
 알프스,1
 성품,1
 실종 사건,1
 표준,1
 민족,1
 입체 도형,1
 빈센트,1
 법률문제,1
부가가치세 신고,1
 루프,1
 체형,1
 편집진,1
 서양인,1
 세입자,1
 강동호,1
 대관령,1
 발문,1
자녀 교육,1
 자율 신경,1
 재심 청구,1
 탈진실,1
 김정은,1
형사 소송법,1
 영어학습,1
 생후,1
 빅 브라더,1
 응용 수리,1
 육수,1
 무루,1
 공학,1
 브뤼셀,1
 우선순위,1
 연대,1
드라이브,1
 콩쿠르,1
모악산,1
 심화 학습,1
 소방관,1
 뇌 구조,1
 자동 채점 프로그램,1
 각도,1
 묘법연화경,1
 맨손,1
 출제 예상 문제 수록,1
미음,1
 스노클링,1
 신경,1
 문장 연습,1
 연삭,1
 갈무리,1
 번영,1
 귀농 귀촌,1
브리즈번,1
 바이든,1
 재림,1
 스와치,1
 약점 극복,1
성남,1
 천재 화가,1
 쿨러,1
 눈물바다,1
 원형,1
 교육철학,1
 중소도시,1
 데이터 수정,1
 화력 발전,1
 예산,1
 친화력,1
 메소포타미아,1
전자기학,1
 당뇨병 치료,1
 요리 초보,1
 소울,1
 신고전주의,1
 기타 전치사,1
 어댑터,1
 미스코리아,1
 화폐가치,1
 그림일기,1
 기반,1
 무릎 통증,1
 변천,1
 경제 정책,1
 벙커,1
 송기원,1
 식사,1
 어휘 암기,1
 복합 관계 부사,1
어깨 관절,1
 방재,1
 죄책감,1
 슬럼프,1
대한민국,1
 신심,1
 파닉스 교재,1
 동양 의학,1
 영자,1
 진미,1
 간호 중재,1
파파라치,1
 써니,1
 페니,1
 언택트시대,1
 어린왕자,1
 수치,1
 위생학,1
 저장,1
 학술,1
 플레이,1
 오라,1
 제2차세계대전,1
 오리진,1
행마,1
부정 선거,1
 패러독스,1
 낙동강,1
 출도,1
 여행 가이드북,1
 구멍,1
 마음관리,1
 상경,1
 채널,1
 영어 소설,1
 두부,1
 비빔밥,1
 반다,1
 비너스,1
 휴먼,1
 식품 위생법,1
 봄눈,1
 미적분,1
 정상 원가 계산,1
 괴로움,1
 문제 해결 전략,1
 임팩트,1
 윌리엄,1
판타지,1
조경 재료,1
 비눗방울,1
 말랑,1
 다이노,1
 함수 활용,1
안보,1
 근육 운동,1
 핵심 단어,1
 수험서,1
 법치주의,1
수가,1
 알베르,1
 자연과학,1
 영어 대화,1
 블라디보스토크,1
 위상 수학,1
혈관,1
 한일관계,1
 노후건강관리,1
 눈길,1
 스노우,1
 파혼,1
 마지막 편지,1
 현대물리학,1
 기초 회화,1
 기도 제목,1
 스탠퍼드 대학,1
 워런 버핏,1
 시간,1
 종로,1
 운동 기능,1
요지 추론,1
 알파걸,1
 자치 단체,1
 뉴베리상,1
공인노무사 시험,1
 언론,1
 저스틴,1
 북 클럽,1
 스플리트,1
 원격 수업,1
용돈 기입장,1
 저탄,1
 계약,1
 수명,1
 초등학생,1
이해 중심,1
 브람스,1
 토폴로지,1
 성막,1
 지질 시대,1
서양 의학,1
 회귀,1
 파닉스 규칙,1
 아부다비,1
노츠,1
 관용어,1
 진도 교재,1
 요한복음,1
 서브,1
 강수돌,1
 로맨스소설,1
 진상,1
 시어도어,1
 소송승계,1
 렉사 일 지수,1
 확률 이론,1
인공 지능,1
 재소자,1
 산모,1
 경배,1
 조직문화,1
 장국,1
 말씀 묵상,1
 저세상,1
고대사,1
 교육 연구,1
과정 중심,1
 위장관,1
 이익,1
 대련,1
 학습방법,1
 핵심,1
 수,1
 필립,1
고전 시가,1
 표현 기법,1
 신동아,1
 화각,1
 프랑스여행,1
주 예수,1
 여론 조사,1
 릴리,1
 쇠라,1
 신경 과학,1
 노고단,1
 초록,1
 아이 사이,1
 프리미어리그,1
 텍사스,1
 사별,1
 참조 함수,1
 점심,1
 찻잔,1
해설집,1
 중학교 수학 학습,1
 사진 보정,1
 고객,1
 관세음보살,1
 입찰,1
 로스엔젤레스,1
탄수화물,1
 인증,1
 불통,1
 경찰 통제,1
그림에세이,1
 사탄,1
 매리,1
 방사,1
 스파이더맨,1
 실전 동형 모의고사,1
정형,1
 플라시보,1
 국민대,1
 OST,1
 올리비에,1
 행정계획,1
 박물관,1
고백록,1
 구간,1
 기본 어휘,1
 씨앗,1
 논리 함수,1
 다이어트 방법,1
 이야기 그림책,1
 지식경영,1
 정책 과정,1
 부동산 실 권리 자명,1
 부검,1
 컴퓨터 프로그래밍,1
 김해,1
 산업기사,1
 필사 노트,1
 좌뇌,1
 자급자족,1
 테오,1
 공쿠르,1
 취득세,1
 프린스,1
 살인마,1
 중앙은행,1
 이완,1
 스프 레드,1
 공부 습관,1
 모달,1
 카슨,1
 훈육,1
 퍼블리셔,1
 애월,1
 카사노바,1
 루체른,1
 스탑,1
다산,1
 민낯,1
 보스턴,1
 호기심,1
 코난 도일,1
 원전,1
 우화,1
 불평,1
 테이트,1
 고민 상담,1
 경제 전망,1
 미래상,1
 경매,1
 부시,1
 완성 학습 플랜,1
지방 선거,1
요정,1
 시진핑,1
 휘트니,1
 의문 부사,1
 바디,1
 내일,1
 실전 대비 모의고사,1
 휴머니즘,1
 비행기,1
 라이너스,1
 중인,1
 요코야마,1
 치료 프로그램,1
 성공학,1
 펜 도구,1
 우프,1
 팩 트 체크,1
 고객 만족 경영,1
잉글랜드,1
금서,1
 근골,1
 마리 퀴리,1
 곤충,1
 상가,1
 국어 공부,1
 애송시,1
 비엔날레,1
중국 불교,1
 교육 복지,1
 증인,1
 지엔,1
 초시,1
 소프트웨어 교육,1
오실로스코프,1
 김나영,1
 동사 과거,1
워런,1
 요추,1
 에그,1
 동화,1
호러,1
 중보,1
 이은희,1
 잭슨 폴록,1
 내분비,1
신안,1
 검증,1
 노인복지,1
 생수,1
 법률 해석,1
 한국 미술,1
 대화 기술,1
바른글씨,1
 무심,1
 릴라,1
 원예,1
스트링,1
 디즈니,1
 조경 계획,1
 대단원,1
 마이클 포터,1
예수,1
 벤젠,1
 예방 접종,1
 키트,1
 밀레니엄,1
 계획,1
 환우,1
 권면,1
 바이,1
영화원작소설,1
트리거,1
 전라,1
 피부계통,1
 형사 사건,1
 재료 관리,1
 색채 이론,1
 특별 제공,1
 마장조,1
 재혼,1
공무담임권,1
 터미널,1
 여성 호르몬,1
 구동,1
 증거,1
 부동산 가격 공시 제도,1
 서재,1
 유사 표현,1
추사,1
 윌리엄 블레이크,1
소명,1
 페페,1
넷플릭스,1
 아이비,1
 부정사,1
 화법,1
복지 국가,1
 요리레시피,1
 부담부증여,1
 인도자,1
 손자,1
 불법,1
부총리,1
 동음이의어,1
 요리비법,1
 티무르,1
 프릴,1
 로마 문명,1
 약물,1
 부정적분,1
 축구 선수,1
 공매,1
 류진,1
 현대차,1
 플랜테리어,1
 의학 서적,1
 레고,1
 결제,1
답변,1
 하디,1
 강의,1
자원 관리 능력,1
 비용 편익 분석,1
 보이,1
 학교 내신,1
 산책로,1
공자,1
 편미분 방정식,1
 표준 원가 계산,1
직무,1
낙찰,1
 나무,1
 해양,1
 해진,1
 재팬,1
 방호,1
 개별,1
 브라우닝,1
 행위,1
백신,1
 산사,1
 최진석,1
 정치 사회,1
 실력자,1
 과학 혁명,1
 단편집,1
 만유인력,1
 고려대,1
 글로벌,1
 소송계속,1
 빅 데이터,1
 AI,1
 공산주의,1
 상속 설계,1
 시술,1
라오콘,1
 원근,1
 기초 과목,1
포스코,1
 단원 마무리,1
 한국 불교,1
 배구,1
 범죄심리학,1
 어깨,1
 분열,1
양배추,1
 급진,1
 저널,1
 영양사,1
 샛별,1
 펑크,1
 사인펜,1
사이다,1
 재무제표,1
 미래학자,1
 꽃밭,1
 경영관리,1
 크리스마스 트리,1
 섬네일,1
 에크하르트,1
 동부,1
 직업윤리,1
 애정 소설,1
 자바스크립트,1
 시베리아,1
 볼리비아,1
 영양 관리,1
완료 시제,1
 다면체,1
 성시경,1
 영어 영역,1
 당사자 소송,1
 파워 블로거,1
 하나님 아버지,1
의뢰인,1
 탐정,1
 코레,1
통풍,1
 파티션,1
 성숙,1
영 유아,1
 법의학,1
 게인,1
 덴마크,1
 권리분석,1
컴파일,1
학년도 수능 대비,1
 오렌지,1
 결혼,1
 기아차,1
 미카,1
 안전 표지,1
 보온,1
 복지 국가,1
 등교 거부,1
 박주영,1
 한국로맨스소설,1
 잡초,1
 주간지,1
 노어,1
 스테인드글라스,1
 청소년 도서,1
북카페,1
 가상화폐,1
 전계 효과 트랜지스터,1
 대처법,1
행정 개혁,1
 레이첼,1
 알람,1
 사용자 경험,1
 침하,1
 지방산,1
 기업가,1
 공기업,1
 스토아,1
 미국 영화,1
 오디오,1
 자기주도력,1
 고린도 전서,1
해수,1
멸종 위기,1
카페,1
 갈림길,1
 상위,1
 이민자,1
 통치,1
 투쟁,1
 아빠,1
 고전압,1
센트럴 파크,1
 낮달,1
 북아메리카,1
 권력,1
 개나리,1
 와타나베,1
 권위,1
 파울로,1
 다양성,1
 판소리,1
 정기,1
 요괴,1
 데리다,1
 해시 함수,1
 기관총,1
 최신 출제 기준,1
 홈런,1
 무례,1
 고등 영어,1
 어버이날,1
 결합 원가,1
 피칸,1
 엑스레이,1
 축소,1
 눈빛,1
 신경외과,1
 파이프라인,1
 일반 이론,1
 성산 일출봉,1
 피어슨,1
 광화문,1
 진보 진영,1
 안전 관리,1
 위생 관리,1
아이작 뉴턴,1
 기초일본어,1
종목,1
 나우,1
 동구,1
 마라톤,1
 검사 결과,1
친일,1
 수용소,1
 보험 상품,1
 판독,1
홈인테리어,1
 과세 방법,1
 취업 성공,1
 저축,1
 문의,1
객관식,1
 유라시아,1
도쿄,1
 고등 학생,1
기호,1
 화자,1
 문법 사항,1
 작성,1
국제관계,1
 모던,1
 한국역사소설,1
레슨,1
 인생에세이,1
 인왕산,1
 치유 효과,1
 문맹,1
 도시락,1
 세계관,1
 정혜윤,1
 레버,1
 학습 진도표,1
 교육 방법,1
 쓰기,1
 궤적,1
 부모 사이,1
 고객 충성,1
 부사절,1
 자식,1
 운문,1
 대통령,1
 천변,1
 쿠스코,1
 한번,1
 사내,1
분노,1
 궁중,1
 콘퍼런스,1
 채식주의자,1
이창수,1
 척추 동물,1
 할배,1
 프리미어 리그,1
브러시,1
 해방,1
 기기,1
 쉬르,1
 고린도 후서,1
 부부 갈등,1
 시리얼,1
 컬리,1
 사형,1
 유럽 역사,1
공업 경영,1
 성불평등,1
 장모음,1
 자가 면역 질환,1
 사춘기,1
 주변기기,1
 미국 대통령 선거,1
 중화 반응,1
 북경,1
 패거리,1
 바벨,1
 삼보,1
북아메리카,1
 미궁,1
 대백과,1
 파브르,1
루앙프라방,1
 벤담,1
 검색,1
샌즈,1
 무작위,1
 교황청,1
 시드니,1
표현 정리,1
 육아 문제,1
 위트,1
 예리,1
 암기 비법,1
 허용,1
 주문,1
 오라클,1
 시사 용어,1
 국어학,1
 알로에,1
 정말,1
 대홍수,1
 서양,1
 캐릭터 디자인,1
 번역가,1
 촉각,1
 전어,1
 보이저,1
 명문장,1
 중학교 교과서,1
 범인,1
 스프링,1
 오비,1
 세계 문학 전집,1
닥터,1
 육종,1
편집 용지,1
 와인,1
 브라이슨,1
 바리새인,1
 머플러,1
 서비스 품질,1
 안토니오,1
 경기도 교육청,1
형법,1
 암반,1
내기,1
 고등 수학,1
 빈집,1
 구조,1
 유네스코,1
 청각 장애,1
 지중해,1
 직소,1
 브렉 시트,1
 장류,1
 아스타,1
 폐기물,1
 아폴로,1
 유재석,1
 아이유,1
 하이브리드 자동차,1
근력 운동,1
 에세이 작가,1
 홈페이지,1
 복효근,1
 김수연,1
 대부,1
 저체온,1
 주 예수,1
 코네티컷,1
 맨발,1
 페이지,1
 타이포,1
 오세아니아,1
 인체이야기,1
 연금술,1
언어학,1
 설교,1
산업기사 실기,1
 기린,1
 택법,1
 제럴드,1
 지문 구조,1
 한국현대수필,1
 고베,1
프랑크푸르트,1
 플라멩코,1
 테세우스,1
 교열,1
 수석,1
 보건 행정,1
 성격 이론,1
 의료 관계 법규,1
 타이틀,1
 이시형,1
 데이터 모델,1
 컨디션,1
 비치,1
 발자국,1
 외국환,1
 호신,1
 밴드,1
 글 머리말,1
 입장,1
 디킨스,1
인스타그램,1
 기업 가치,1
정신과,1
 달팽이,1
 용이,1
기본 명령,1
 약점 보완,1
 갈대,1
 사복 음서,1
 카드,1
 콤포스텔라,1
 스웨덴,1
 프루스트,1
 참회,1
 꾸러미,1
 미제라블,1
 회사 생활,1
 가시연꽃,1
 미비점,1
 갑상선암,1
 앙팡,1
 도전,1
소송,1
 생식계통,1
 박수근,1
고대 그리스,1
 한비야,1
 데바,1
 에스,1
수련,1
 국제정치,1
 비자림,1
 크랭크축,1
사역,1
 알래스카,1
 시험 정보,1
 화해,1
 자격시험,1
 좌전,1
 신한,1
 입지,1
 라이언,1
 난민,1
 어게인,1
 잔치국수,1
 낙지볶음,1
 방향 족 화합물,1
 깨달음,1
 쓸개,1
 패치,1
 다이어리북,1
 사고력 수학,1
 기출 문제집,1
 아방,1
 미래인재,1
 동아시아,1
가해,1
 방수 공사,1
 매트,1
 웹 디자인,1
 고관절,1
 의무,1
 리베카,1
 탈출증,1
 차별금지법,1
 난임,1
와타나베,1
 명학,1
합성곱,1
간호사,1
안전 운전,1
 모더,1
 음악사,1
 맨해튼,1
 기술직,1
 라이프니츠,1
 확진,1
 스위스,1
 교육 방송,1
 부산광역시,1
나태주,1
 오베르,1
 베로니카,1
 소프트파워,1
 베스트 프랙티스,1
 성희롱,1
 마케팅 커뮤니케이션,1
 제약 회사,1
 기본 유형,1
 인류사,1
 사회 건설,1
 행정 법통,1
패턴 인식,1
초등학교,1
 겹겹,1
 건강식,1
 이온 결합,1
워크플로,1
 신경전달물질,1
 월드,1
 영적,1
 위기,1
 병원,1
 내전,1
 경제 질서,1
 분단 체제,1
 밀크티,1
의학,1
 먹구름,1
 대화연습,1
 혈액학,1
 회계 이론,1
 엔드,1
 외투,1
 난제,1
 유대인,1
 지하수,1
 그래핀,1
 세로토닌,1
 속 마음,1
 논구,1
 배낭 여행자,1
 명의,1
 콜럼버스,1
 외인,1
 무라카미 하루키,1
 좌골 신경통,1
 이론 학습,1
 정민,1
크런치,1
 미국고전,1
 후르츠,1
 기체,1
 예림,1
 운동 시간,1
 전통음식,1
실기,1
 육하원칙,1
 북극,1
 경제이야기,1
 슬로,1
 남해,1
 경찰 시험,1
 데일,1
 억수,1
 산상 수훈,1
 휴거,1
 마카롱,1
 교육에세이,1
신앙 고백,1
 내과,1
 노즈,1
 아동,1
 도쿄 올림픽,1
 투어,1
 선거,1
 스테이,1
 심화 이론,1
군대 생활,1
 공사,1
 루트비히,1
 수은,1
 여가 생활,1
 아기발달,1
단호박,1
 엑셀 파일,1
 크라 우드 펀딩,1
기출 포인트,1
 인문사회,1
 묵독,1
 통장,1
 음악 이론,1
 취소,1
정재승,1
 호모 에렉투스,1
 꼬마,1
 후회,1
 약대,1
 각본,1
 고전 문학사,1
 벽화,1
 이안,1
최치원,1
 이야기작가,1
 초보,1
 김치찌개,1
 다시마,1
 다양,1
 챔피언십,1
 로댕,1
 파리여행,1
 혼자,1
축구,1
임상 검사,1
 자세교정,1
 레이싱,1
 작가 상,1
 행정 국가,1
 파르,1
과정 중심 평가,1
 트렌드,1
 강북구,1
 오역,1
 산스크리트,1
 서비스,1
 마조히즘,1
 그레이스,1
 줄리언,1
 조향,1
 비철 금속 재료,1
 옥탑방,1
선포,1
컬렉션,1
 히라,1
 조경 시공,1
 스트링,1
 정림사지,1
 종교 서적,1
문학상,1
 이프,1
 브루,1
 용법,1
 사양,1
 고지,1
 마법 세계,1
 수록,1
 엄마 목소리,1
 얼간이,1
 레스터,1
 회귀분석,1
 플레인,1
 파인먼,1
 화학 반응,1
 전자 부품,1
 지침서,1
 조폭,1
 대원군,1
 관료제,1
 한국사회,1
 비즈니스업무,1
 조선 후기,1
 동료,1
 추적,1
 학습 플랜,1
 개념 완성,1
 산문시,1
 메모리,1
현대 의학,1
 해안도,1
 넬라,1
 판단 기준,1
 트린,1
 통합,1
 전역 변수,1
 레오,1
 부동산 경제,1
 관계 회복,1
단위 적용,1
 대체 의학,1
 한국 기업,1
 대한민국 정부 수립,1
 관계 연산자,1
 가상 세계,1
 요정,1
 그리스도,1
 자녀 교육,1
디저트,1
 마쓰모토,1
 조직 검사,1
 의사 결정,1
 수녀,1
 프레드릭,1
 준비 단계,1
최근 기출 복원 문제,1
미슐랭,1
 브레이킹,1
 북서부,1
 파일 입출력,1
 죽상,1
 레인보우,1
 편지지,1
 밀교,1
 코퍼스,1
 마틸다,1
 견과,1
 가나다,1
 알랭 드 보통,1
강자,1
 건축 기술,1
 생명과학,1
 박영선,1
 프로이트,1
 온쉼표,1
 소화 약제,1
 브랜치,1
 ETF,1
 접두어,1
 김포,1
 삿포로,1
 코스닥,1
 행동경제학,1
 미련,1
 독서 일기,1
논리 게임,1
 인대,1
 공리주의,1
 노벨 경제학,1
 이탈리아요리,1
 실존 철학,1
 김병호,1
 성조,1
 법과,1
 관광,1
 머신 러닝,1
 게임즈,1
 헬스,1
 독 서록,1
 대법관,1
 칼 융,1
 답장,1
 어릿광대,1
 답안지 수록,1
 도라에몽,1
 로즈메리,1
 인사이드,1
 동해,1
 관련 판례,1
 완구,1
 트레이,1
 건축 재료,1
 윤동주,1
 스카이,1
 예문 수록,1
 경사지,1
 돈 공부,1
 공장,1
 기 출제,1
 페미니즘,1
 리터,1
 자연환경,1
집 마련,1
 보살,1
 보통,1
 한석봉,1
 선법,1
 교회 생활,1
 공공 부문,1
 침체,1
 철학에세이,1
 공채,1
 홍경래,1
 투자 수익,1
천연 화장품,1
 바이러스,1
 고통,1
 마티,1
 박종철,1
 간장,1
 주역,1
 제네바,1
 견문록,1
 권리금,1
 음악가,1
 폴 고갱,1
 아리,1
 브라이언,1
 심폐,1
 국시,1
기출 분석,1
대기근,1
 카툰,1
 행정 절차,1
 감각 동사,1
 캠페인,1
 다항 함수,1
 행정 질서벌,1
 상태 방정식,1
 페티시,1
 필독서,1
 철학서,1
 인플루언서,1
 남아공,1
휨 설계,1
 토토로,1
 언어 자극,1
 에리스,1
 캠핑,1
 천연두,1
 제철 음식,1
 상업,1
인선,1
 청빈,1
 기본 구문,1
 비밀 기지,1
 재고 자산,1
 필수 패턴,1
 아파트투자,1
 단편,1
치유,1
 수학 개념,1
 부르디외,1
 레이드,1
 파묵칼레,1
카페인,1
 콜린스,1
 배치 고사,1
 이후,1
 Python,1
 두통,1
 공민왕,1
홈베이킹,1
 속담,1
 법인세,1
 오실,1
 배려,1
 대한민국 헌법,1
 임금격차,1
 콘크리트 공사,1
 마카오,1
 빈티지,1
 이영애,1
 승계,1
 미국 영어,1
 평면 도형,1
 바인더,1
 출산,1
 한국전력공사,1
 빌딩,1
 엘리야,1
 귀차 니즘,1
 존 롤스,1
심리치료,1
 이성,1
메이플,1
 세일즈,1
생성자,1
 광운대,1
 소주,1
 원금,1
 입학,1
 멜버른,1
 제연,1
 관점,1
 상속,1
 합격선,1
 킨더,1
 위험천만,1
어휘 테스트,1
전치사,1
 경기도,1
 오크라,1
 산업 분석,1
 용돈,1
 한글 공부,1
 투자 분석,1
 자료집,1
 우한,1
 식사 요법,1
 공감 능력,1
생리,1
 청춘 소설,1
 실천법,1
클래스,1
 산재 보험,1
 바이오,1
 하이킹,1
 블라인드,1
해부학,1
조지 워싱턴,1
 제목 추론,1
 선입관,1
 짠맛,1
 자녀,1
 버스,1
 완벽 학습,1
 아함경,1
 벌교,1
 통행금지,1
아기,1
 해남,1
 모의,1
 콜렉터,1
 재무분석,1
 케톤,1
 구약,1
 작물,1
 스크루지,1
 샤넬,1
 한글 교육,1
밀리언셀러,1
표준 국어 대사전,1
 통과 의례,1
 할로윈,1
 인간 존재,1
 연금,1
 박찬일,1
 알폰소,1
 노외주차장,1
허균,1
 건강 교육,1
 외도,1
 국어 실력,1
 찹쌀떡,1
 긍정심리학,1
 이혼 사유,1
 분양,1
 입법고시,1
 로스터,1
취미,1
 메모장,1
 서퍼,1
 동영상 문제,1
 철학 개념,1
 농지법,1
 시공사,1
 크레타,1
자이,1
 불화,1
 국제관계,1
 해요,1
 아키,1
양파,1
 민주주의,1
 바젤,1
 태블릿,1
 인물 사진,1
 포르투갈어,1
 차이,1
 물권법,1
 이스트,1
 혈류,1
 선율,1
 케네디,1
스마트,1
 타임,1
 쿠즈,1
 유비,1
 학급 운영,1
 방송,1
 과세 기간,1
 충청남도,1
 조커,1
 수학 문제집,1
 보르헤스,1
 페어리,1
 김지연,1
 인공지능 로봇,1
 수메르,1
 쪽방,1
 블루 오션,1
레이어 마스크,1
 삼각법,1
 홍콩,1
 디오판토스,1
 법리,1
 코드,1
 양념장,1
 통밀,1
 친환경 농업,1
 후유증,1
 풍자 소설,1
관계 대명사,1
 보통주,1
 빌바오,1
 토르티야,1
스티븐,1
 마리,1
 토양 오염,1
 투자 기법,1
 우파,1
 잉여,1
 공법상 결과 제거 청구,1
 활동,1
 보건복지부,1
 민속마을,1
 이정모,1
해마,1
 동역학,1
 미생물학,1
 김현정,1
 오류,1
 평양,1
 인선,1
상가 주택,1
 디지털 경제,1
 다변수,1
인수 분해,1
 슈퍼스타,1
 멕시코시티,1
 노숙인,1
 시간 아이,1
 꼬리,1
 여행 작가,1
 교통 신호,1
 동백꽃,1
 청학동,1
 노후건강,1
 침례교,1
 애플,1
 스피노자,1
 인력,1
명작,1
 독일여행,1
 피고,1
 쿠폰,1
 비교문화,1
 복리,1
 노숙자,1
 근교 여행,1
 하관,1
 보호,1
 성공 확률,1
 샤토,1
 미소,1
 디자인경영,1
 푸리에,1
 직무 적성 검사,1
 손상,1
 지방 자치 단체,1
 복습 가능,1
 구약 성경,1
기계설계,1
직장인,1
생선,1
 베커,1
 SNS마케팅,1
 마인드컨트롤,1
 에너지 생산,1
포스팅,1
 은빛,1
 통증 치료,1
 고립,1
 세이프,1
 자연사,1
 강대국,1
 외편,1
초보 엄마,1
 스완,1
 인간본성,1
 개그맨,1
 수술 방법,1
 파래,1
 데카르트,1
단학,1
 사상,1
 분석법,1
 고트,1
 가치주,1
 루터,1
 장식,1
 미란다,1
 연대표,1
 의도,1
 개인 투자자,1
 토미,1
 제로웨이스트,1
 에픽테토스,1
 체크포인트,1
 모자이크,1
 광동,1
 투발루,1
 미분 계수,1
체코,1
 비행 원리,1
 아보카도,1
 알레르기,1
 권리 분석,1
 회복력,1
 카산드라,1
 피해자,1
 복부비만,1
사용자,1
 편집자,1
 동기,1
 공군,1
 막판,1
 요조,1
 지질학,1
 교육용,1
 사회심리학,1
 한국 금융 투자 협회 규정,1
 나이트,1
 인터랙션,1
 양극화,1
 캘리포니아,1
유럽여행,1
전국연합 학력 평가,1
 초등수학,1
 뿌리채소,1
 프랑스고전소설,1
 꽃 이야기,1
 우발 자산,1
 화이트 와인,1
보수,1
 나아,1
 엄선 수록,1
 싱아,1
 자전,1
 즉흥,1
렉사 일 지수,1
 러블리,1
 부동산 경매,1
 데이터베이스 구축,1
 여성건강,1
 대서양,1
 월가,1
논리학,1
 산전,1
 세비야,1
 항거,1
 호프,1
 노멀,1
목회,1
 법 공부,1
 캐디,1
 증류주,1
 조경 설계,1
 나니아,1
 서원,1
 양도,1
 조선 사람,1
 아우라,1
 동안 집중력,1
 훈독,1
 계단실,1
 돈 이야기,1
 포렌식,1
 아를,1
 몽환,1
 면세 사업,1
 실태 조사,1
 결혼 생활,1
 애니멀,1
 리버풀,1
 전공,1
 책 놀이,1
 지식인,1
 주제,1
 환희,1
 자장가,1
 표준 라이브러리,1
 교도소,1
 리더스,1
 남북한,1
 진단 검사,1
 관리,1
 안티,1
 매달,1
 스파클,1
 랄프,1
 실연,1
 과학에세이,1
 느린학습자,1
청해,1
서해안,1
 인지발달이론,1
 수상전,1
 컨설팅,1
낙법,1
 협상 능력,1
뮤지엄,1
 서비스 마인드,1
 펜화,1
인체이야기,1
 텔레비전,1
 친구,1
 선,1
 라이너,1
 키르케고르,1
 이정호,1
 소승,1
 어원,1
 말초,1
 장기 기증,1
 존엄사,1
 유럽축구,1
 개편,1
 김태훈,1
 공정 관리,1
 쉐프,1
 바게트,1
 입국 심사,1
 반응,1
 지하철,1
 공판,1
 파랑,1
 사업자,1
 임용,1
 청원경찰,1
 프란치스코,1
 한가위,1
 성공 모델,1
 날씨,1
 영어공부,1
 확률변수,1
 흡연자,1
 바느질,1
어휘력,1
 영화이론,1
 사용 빈도,1
 조정,1
 한비,1
 다솔,1
 순환,1
 미시,1
 삼림,1
러브크래프트,1
왈츠,1
 두뇌 트레이닝,1
 과거 기출문제,1
 북유럽,1
 은지,1
 유월,1
죄 사함,1
 동생,1
 구미호,1
 비밀,1
 문제 은행,1
 코코,1
총기,1
 설비,1
 백작,1
 젠킨스,1
 포춘,1
 차기,1
 꽃꽂이,1
 단면,1
 세계사,1
 체내,1
일품,1
 타일,1
 음용수,1
투자전략,1
 합성,1
 더스트,1
 에센셜,1
 자외선 차단제,1
 면담,1
목조,1
 학용품,1
 주간,1
 부모 마음,1
예술,1
 모카,1
 언어장벽,1
 갈래 복합,1
 구강,1
 앨버트,1
 고분자 화합물,1
 야마토,1
 헬렌,1
선택지,1
 플랑드르,1
 레지던트,1
 원작,1
산업 안전,1
성공법,1
샐러드,1
 건축디자인,1
 파트너십,1
 류시화,1
녹음,1
 프랑스 문단,1
 독점,1
 가짜 뉴스,1
 제어기,1
 라리,1
 인류학자,1
 필기 노트,1
 양면성,1
 피아노 교본,1
 소품만들기,1
 디폴트,1
 설계안,1
매출,1
 효모,1
실시간,1
 보컬,1
 자도,1
맥스웰,1
 허핑턴,1
 문제 고난,1
 쌍둥이 문제,1
 기독교 사상,1
 교사,1
 촛불 혁명,1
 혁신,1
 심리 실험,1
명왕성,1
고구마,1
 그동안 출제,1
 본능,1
 센트럴,1
 클래식 음악,1
엑셀 함수,1
 병마,1
 인권 보장,1
 정글,1
평행 우주,1
트레이닝 방법,1
 국왕,1
 행정 규칙,1
 교환,1
 정비,1
 로고,1
 글 솜씨,1
 관철,1
식품 영양학,1
 과시,1
 오트밀,1
 구어체,1
 글로벌 기업,1
간헐,1
독해 유형,1
 노부,1
 존재감,1
 제천,1
인류학,1
 센트럴 파크,1
 직무 스트레스,1
 치매 노인,1
유산소 운동,1
 탐구생활,1
 대디,1
 구이,1
 마리아주,1
 내장 기관,1
 강사,1
 수학 교과서,1
 대탈출,1
 어린이영어,1
 프티,1
 광기,1
 당진,1
 프로브,1
 반장,1
 샌디,1
 타이완,1
 삼국지,1
 새만금,1
 현대 소설,1
 한그릇요리,1
 액션,1
 제임스,1
 중요 어휘,1
 인코더,1
 들판,1
 마르가리타,1
발표력,1
 입양,1
 대체,1
영화제,1
 생선,1
 스페이스,1
 공부 머리,1
 하롱베이,1
 옵션,1
 군용,1
 외계인,1
 삼성,1
 행정 책임,1
코르티솔,1
생산요소시장,1
 카메라,1
 포도 품종,1
 포틀랜드,1
 파티마,1
 죄 사함,1
 방학,1
 복숭아,1
 다른그림찾기,1
 강간,1
뉴턴,1
 지젝,1
 탄환,1
 진행 과정,1
유튜브 동영상,1
 선물 상자,1
 놀이 방법,1
 혼돈,1
 복지 제도,1
 김밥,1
 스탠다드,1
 결핍,1
 플로라,1
 한국 영화,1
 슬관절,1
 익명,1
 신명기,1
유공자,1
 아씨,1
