디자인 너머(양장본 HardCover),10,9,"['혁신', '디자이너', '드로잉', '철학', '피터', '디자인경영']"
방구석 미술관,9.1,9342,"['미술사', '화가', '미술이야기', '반 고흐', '오르세', '세잔']"
방구석 미술관. 2: 한국,9,1603,"['미술사', '미술', '미술이야기', '김환기', '박수근', '반 고흐']"
365일 명화 일력(스프링),10,9,"['신부', '렘브란트', '반 고흐', '행복', '연말', '월요일']"
김락희의 인체 드로잉,9.6,169,"['드로잉', '유튜브', '해부학', '마블', '인체해부학', '입문서']"
기묘한 미술관,9.6,25,"['미술사', '명화', '고야', '작품', '설국', '스토리텔링']"
스즈키 바이올린 교본. 1(개정판),9.6,207,"['악보', '크리스마스', '메소드', '변주곡', '바흐', '미뉴에트']"
포인트 캐릭터 드로잉 세트(반양장)(전2권),10,1,"['인체', '그림', '작가', '가이드', '핵심 포인트', '시크릿']"
가가미 다카히로가 알려주는 손 그리는 법,10,12,"['작화', '애니메이터', '원피스', '그리기', '극장판', '자료집']"
"우연히, 웨스 앤더슨(양장본 HardCover)",9.6,33,"['코로나', '영감', '여행 가이드', '여권', '세계 일주', '감독']"
"음악, 당신에게 무엇입니까(양장본 HardCover)",10,3,"['작곡가', '음반', '클래식 음악', '연주자', '아티스트', '바이올리니스트']"
당장 써! Create Now!,8.9,28,"['웹소설', '옥토', '작품', '유튜버', '디즈니', '스토리텔링']"
어쨌거나 밤은 무척 짧을 것이다,10,1,"['영화', '영화이론', '입문서', '영화비평', '예술 분야', '미학']"
"디자인, 이렇게 하면 되나요?",10,13,"['디자이너', '사례', '콘셉트', '실무', '타이포그래피', '배색']"
인간실격 세트(1-2권)(전2권),10,9,"['성장', '작가', '원룸', '부정', '치유', '강재']"
스즈키 바이올린 교본. 2(개정판)(CD1장포함),9.8,108,"['요정', '왈츠', '음반', '메소드', '사장조', '미뉴에트']"
내가 사랑한 화가들,9.6,450,"['인생', '미술', '그림', '예술가', '위로', '도슨']"
사계절 컬러링북(초록담쟁이의 아름다운 날들),10,13,"['컬러링', '작가', '색연필', '그림', '일러스트', '뜨개']"
오늘부터 차근차근 아이패드 드로잉,9.9,20,"['도안', '색연필', '브러시', '에이트', '그라피', '디지털']"
듄: 메이킹필름북,0,0,"['영화', '디자이너', '감독', '스토리보드', '연인 관계', '배우']"
요시다 세이지 작품집&원근법 테크닉,9.6,5,"['일러스트', '작화', '투시', '그림', '작가', '만화작법']"
세상에서 가장 재미있는 서양미술사. 1: 선사시대부터 르네상스까지(양장본 HardCover),2.5,5,"['역사', '건축', '화가', '예술가', '어린이', '현대 미술']"
걸작의 뒷모습,8.3,6,[]
벌거벗은 미술관,9.7,52,"['미술사', '현대 미술', '감성', '미술 교육', '사유', '데생']"
뱅크시: 벽 뒤의 남자,0,1,"['예술', '그래피티', '추적', '홀리데이', '테이트', '저널리스트']"
세상에서 가장 재미있는 서양미술사. 2: 르네상스부터 현대미술까지(양장본 HardCover),2.5,5,"['역사', '건축', '예술가', '화가', '어린이', '그래픽 노블']"
스즈키 바이올린 교본. 3(개정판)(CD1장포함),9.8,124,"['음반', '메소드', '신이치', '베커', '단음계', '라장조']"
피아노로 연주하는 디즈니 OST 베스트 Original Ver.(개정판)(스프링),9.7,32,"['편곡', '스틸', '사운드', '트랙', '링크', '오리지널']"
서양미술사,9.2,2360,"['미술', '교회', '미학', '학술', '정복자', '필독서']"
간추린 체르니 100 (포인트),9.6,72,"['악보', '피아노', '심플', '연습곡', '연습', '교본']"
캐롤 피아노 곡집(쉽게 연주하는),9.8,13,"['편곡', '윈터', '바이엘', '연탄', '크리스마스', '팝송']"
피아노로 연주하는 디즈니 OST 베스트 Easy Ver.(개정판)(스프링),10,27,"['편곡', '스틸', '사운드', '트랙', '링크', '오리지널']"
시노자키 바이올린 교본. 1(개정판),9.8,59,"['음계', '마장조', '가단조', '연습', '라장조', '바장조']"
애니메이션 캐릭터 작화 기술(DVD와 함께하는)(CD1장포함),9.8,56,"['드로잉', '애니메이터', '작화', '모사', '만화작법', '방법']"
인간의 마음을 사로잡는 스무 가지 플롯,9.5,64,"['명작', '희곡', '오셀로', '카사블랑카', '근친상간', '오르페우스']"
송사비의 클래식 음악야화,9.6,155,"['작곡가', '음악사', '현대 음악', '헨델', '피아니스트', '바흐']"
마음까지 몽글몽글 아이패드 드로잉,9.5,19,"['그림 그리기', '도형 그리기', '캔버스', '우쿨렐레', '브러시', '물감']"
듄: 메이킹필름북,10,5,"['영화', '디자이너', '감독', '스토리보드', '연인 관계', '배우']"
한국의 그림책 작가들에게 묻다(반양장),10,9,"['유럽', '질문', '인터뷰', '상상력', '눈빛', '소윤']"
위키위키 칼림바 연주곡집,10,2,"['악보', 'OST', '반주', '영상', '튜닝', '멜로디']"
스즈키 바이올린 교본. 4(개정판)(CD1장포함),9.8,96,"['편곡', '음반', '브람스', '론도', '메소드', '비발디']"
다른 방식으로 보기(Ways of Seeing),9.5,129,"['사학', '편협', '작품감상', '텔레비전', '강의', '공격']"
초콜렛. 3(맛있는 음악이론),9.8,58,"['계이름', '어린이음악교본', '오선', '음표', '덧줄', '음자리표']"
냠냠 맛있는 재즈 소곡집 1,9.7,51,"['왈츠', '도레미', '로보트', '썸머', '버터플라이', '발라드']"
화가의 친구들,0,0,"['미술사', '뒤러', '고갱', '알브레히트', '클림트', '구스타프']"
석가의 해부학 노트(모든 그림 그리는 이들을 위한),8.4,1068,"['물리학', '한국인', '카툰', '근육', '어깨', '하체']"
공간 드로잉: 투시편,9.8,30,"['컬러링', '드로잉', '일러스트', '그림', '투시', '작가']"
친절한 빛과 색,10,25,"['드로잉', '작가', '재질', '채색', '다이나믹', '예약']"
아트 캐피털리즘,0,0,"['미술사', '역사', '한국 미술', '현대 미술', '서구', '내면']"
하농 60 피아노 교본(스프링),9.7,82,"['바이엘', '체르니', '음계', '장음계', '단음계', '연습곡']"
바이엘. 2(박숙련의 알고 연주하는),9.6,36,"['피아노', '어린이', '음표', '교본', '지상', '박자']"
캐러멜의 만화 콘티 작법서,10,16,"['웹툰', '작가', '블록', '구도', '컨트롤', '노하우']"
시크릿 캐릭터 드로잉,9.4,70,"['웹툰', '온라인', '그림그리기', '코믹스', '실기', '중고']"
손그림 메이커,9.5,36,"['색연필', '배색', '샤프', '캐릭터', '연출', '사인펜']"
초콜렛. 1(맛있는 음악이론),9.5,51,"['계이름', '어린이음악교본', '건반', '음표', '퀴즈', '그리기']"
패션 아이템 도감,9.8,15,"['일러스트', '이미지', '검색', '스커트', '디자인', '코디']"
1페이지 미술 365(세상의 모든 지식이 내 것이 되는),10,8,"['미술사', '세계사', '미스터리', '화가', '예술', '종교']"
디자인 대사전,7.5,1,"['배색', '레이아웃', '장르', '폰트', '클라이언트', '이미지']"
뉴에이지 피아노 연주곡집: 초급(처음 만나는),9.8,59,"['편곡', '바이엘', '체르니', '레퍼토리', '원곡', '오리지널']"
악보집은 처음이세요?(스프링),10,3,"['연주', '편곡', '저작', '원곡', '뉴에이지', '저작권법']"
세광뉴바이엘. 1,9.6,34,"['피아노', '어린이', '옥타브', '음계', '덧줄', '셋잇단음표']"
룬의 아이들 일러스트집(양장본 HardCover),0,0,"['윈터', '일본', '스케치', '타이완', '표지', '흑백']"
20세기 사진 예술,9.7,27,"['컬렉션', '사진집', '소장', '프리츠', '알프레드', '인물 사진']"
나의 산타에게,10,1,"['연주', '크리스마스', '건반악기', '쓸모', '연주자', '초급']"
인체 드로잉(앤드류 루미스의),9.8,48,"['인물화', '명암', '펜화', '포즈', '데생', '동작']"
최신 기법의 아나토미 @ 조형 회화 애니메이션 창작을 위한 인체 해부도감(개정판),9.5,89,"['그림', '만화', '경근', '복근', '두개골', '원근']"
나도 영문 손글씨 잘 쓰면 소원이 없겠네(소원풀이 시리즈 16),0,0,"['글씨체', '필기체', '캘리그라피', '손글씨', '그라피', '캘리']"
초간단 손그림 12000,10,11,"['컬러링', '드로잉', '일러스트', '색연필', '스케치', '진행 과정']"
스즈키 바이올린 교본. 5(개정판)(CD1장포함),9.8,61,"['피아노', '음반', '메소드', '음계', '작곡가', '신이치']"
간추린 체르니 30 (포인트),9.7,29,"['악보', '피아노', '심플', '연습곡', '연습', '교본']"
사진(12판),9.2,15,"['인화', '암실', '카메라', '필름', '디지털', '소프트웨어']"
크리스마스 피아노 페스티발,9.9,20,"['편곡', '연주', '체르니', '재즈피아노', '주 예수', '캐럴']"
김찬용의 아트 내비게이션,9.5,23,"['미술사', '여행', '미술 감상', '인상파', '취향', '전시']"
도슨트 정우철의 미술 극장(EBS CLASS e),9.1,12,"['그림', '화가', '스토리 텔러', '미술관', '인상주의', '클림트']"
초콜렛. 2,9.7,55,"['계이름', '어린이음악교본', '오선', '건반', '음표', '쉼표']"
초콜렛. 4(맛있는 음악이론),9.7,34,"['연주', '음표', '어린이음악교본', '덧줄', '보표', '위아래']"
차차와 피아노 놀이 레슨&연주곡집(스프링),9.4,83,"['악보', '유튜브', '강사', '음악', '영상', '조성']"
미치도록 쉬운 기타. 1(강경애의)(개정판),0,0,"['연주', '코드', '반주', '멜로디', '비트', '연주법']"
슬기로운 의사생활 시즌2 OST 피아노 연주곡집,10,1,"['악보', '편곡', '감동', '연주곡', '명곡', '드라마']"
누구나 그릴 수 있는 색연필 일러스트 10000개,9.5,168,"['다이어리', '드로잉', '그림', '캐릭터', '손 편지', '손글씨']"
피아노 어드벤처. 1-A,9.6,23,"['연주', '청음', '테크닉', '플래시 카드', '드리블', '아기 고양이']"
피아노 어드벤처. 2-A,10,18,"['연주', '청음', '레가토', '테크닉', '플래시 카드', '나비야']"
애뽈의 숲소녀 컬러링북,9.6,128,"['컬러링', '색연필', '스케치', '색칠 놀이', '그라', '점선']"
디자인 씽킹 바이블,10,17,"['혁신', '디자이너', '초일류', '비즈니스 모델', '사고방식', '삼성전자']"
재즈피아노 독학 가이드북. 2: 장르별 연주법,10,1,"['연주', '유튜브', '발라드', '펑크', '리듬', '보이']"
빈스 과랄디의 찰리 브라운 크리스마스 캐롤 피아노 연주곡집,9.9,18,"['악보', '코로나', '역사', '사운드', '트랙', '외투']"
기생충 각본집 & 스토리보드북 세트(전2권),9.1,2602,"['영화제', '스릴러', '면접', '영화이야기', '한국 영화', '인터뷰']"
태도가 작품이 될 때,9.4,41,"['에세이', '예술가', '작가', '미술가', '전시', '작업']"
계이름 하늘 자전거. 1,9.9,29,"['어린이', '오선', '어린이음악교본', '건반', '음표', '가온']"
세광뉴바이엘. 4,9.8,45,"['어린이', '피아노', '교본', '상품']"
서드 포지션,9.5,47,"['바이올린', '교본', '상품', '사람']"
디즈니 재즈소곡집. 1,9.7,48,"['연주', '편곡', '바이엘', '체르니', '명곡', '뉴에이지']"
그림책 디자인 도서관,10,2,"['컬러링', '어린이 그림책', '글꼴', '어린이 책 작가', '상호 작용', '질감']"
모던 아트,9.5,12,"['예술가', '미술사', '현대 미술', '미술이야기', '인상주의', '미래주의']"
친절한 드로잉,9.3,58,"['인체', '포토샵', '입문서', '튜토리얼', '하체', '다이나믹']"
나의 첫 아이패드 드로잉,9.8,15,"['그림', '에이트', '크리', '기록', '패드', '사진 보정']"
브랜드 브랜딩 브랜디드,9.3,29,"['철학', '일상', '디자이너', '디자인이론', '마케팅 커뮤니케이션', '전작']"
오일 파스텔로 그리는 카페 드로잉,0,0,"['도안', '스케치', '소품', '빈티지', '재료', '기법']"
피아노 어드벤처. 1-B,10,20,"['연주', '청음', '계이름', '색칠 놀이', '음악', '레퍼토리']"
"알폰스 무하, 유혹하는 예술가(양장본 HardCover)",10,10,"['화가', '아르누보', '화집', '아마존', '별점', '몽환']"
album[s] 그림책: 글·이미지·물성으로 지은 세계(양장본 HardCover),10,2,"['영 유아', '창의성', '올리비에', '창작', '물성', '원리']"
갯마을 차차차. 1,10,12,"['로맨스', '대본집', '공진', '휴먼스토리', '드라마', '주연']"
다정한 나의 오일파스텔,10,5,"['도안', '그림', '튜토리얼', '스케치', '풍경화', '노하우']"
기초 실용음악 화성학,9.8,23,"['음악 이론', '음표', '연주', '입 문자', '교재', '독학']"
이루마 더 베스트 이지,8.3,2,"['악보', '편곡', '연주', '피아노', '체르니', '악보집']"
계이름 하늘 자전거. 3,9.9,19,"['자니', '초등학생 아이', '에디슨', '발명왕', '가온', '코코']"
세광뉴바이엘. 2,9.5,42,"['피아노', '어린이', '옥타브', '음계', '덧줄', '셋잇단음표']"
스즈키 첼로 교본. 1(개정판)(CD1장포함),9.5,41,"['음반', '메소드', '라장조', '변주곡', '다장조', '사장조']"
스즈키 첼로 교본. 3(개정판),9.5,33,"['피아노', '메소드', '사장조', '미뉴에트', '자장가', '지도서']"
디즈니 계이름 공부. 2,9.8,61,"['연주', '탈피', '피아노 교본', '가온', '큰보표', '높은음']"
디즈니 OST 베스트(피아노로 쉽게 연주하는),8.9,12,"['편곡', '피아노연주곡집', '스틸', '월트 디즈니', '수록', '멜로디']"
예술의 주름들(양장본 HardCover),10,10,"['시집', '시인', '문학', '사유', '상처', '쇠라']"
한국미술 1900-2020(양장본 HardCover),10,1,"['미술사', '서화', '민주', '다원', '동시대', '근대']"
동그라미 바이엘. 4(개정판),9.6,35,"['피아노', '왈츠', '체르니', '소나타', '음계', '카포']"
세상의 모든 간추린 체르니 100,10,17,"['피아노', '어린이', '테크닉', '바이엘', '레가토', '아이콘']"
스튜디오 지브리 OST 베스트(Original Piano Ver.)(연주 동영상이 있는)(스프링),9.9,55,"['편곡', '애니메이션', '토토로', '시카', '나우', '치히로']"
엄지척 칼림바 연주곡집(내가 아는 곡으로 쉽게 시작하는),9.8,13,"['악보', '편곡', '듀엣', '클래식', '가요', '초급']"
"30일, 나의 새로운 취미 재즈피아노(지민도로시의)",9.7,8,"['연주', '피아노', '피아니스트', '유튜브', '취미', '연주법']"
서양미술사(양장본 HardCover),9,717,"['실험', '현대 미술', '예술사', '미술가', '벽화', '비잔티움']"
용자 시리즈 30주년 메모리얼 아카이브,10,1,"['로봇', '원화', '자전', '완구', '컬렉션', '토미']"
만화 캐릭터 데생 입문,9.5,45,"['인체', '일러스트', '작화', '아이돌', '유튜브', '각도']"
계이름 여행. 2(냠냠 맛있는),9.7,29,"['악보', '연주', '피아노', '어린이음악교본', '음표', '온쉼표']"
오일파스텔 풍경화(하늘 담은),10,16,"['도안', '스케치', '갯벌', '꽃밭', '들판', '기법']"
스콧 로버트슨의 How to Draw,10,12,"['투시', '건축가', '디자이너', '예술가', '원근법', '그리드']"
SAVE THE CAT!: 흥행하는 영화 시나리오의 8가지 법칙,9.2,45,"['로그', '불변', '보드', '라인', '피날레', '애꾸눈']"
히사이시 조의 음악일기,9.7,24,"['철학', '작곡가', '악보', '현대 음악', '지휘', '음악가']"
일러스트 해체신서(다시 시작하는)(쉽게 배우는 만화),9.9,24,"['일러스트', '인체', '포즈', '만화기법', '구도', '부위']"
피아노 콩쿠르 전체 대상 200회의 비밀,10,6,"['학원', '샛별', '선생', '콩쿠르', '비법', '홍보']"
브랜드 디자인,9,21,"['디자이너', '크리에이티브', '브랜딩', '타이포그래피', '브랜드전략', '해부학']"
좋은 서비스 디자인,9.3,13,"['사용자', '디지털', '법칙', '불변', '경험', '마케팅 방법']"
음악의 언어,9.7,13,"['악보', '소리', '언어', '한국어', '문법', '어휘']"
드로잉 다이어리,10,2,"['그림 그리기', '표현 기법', '저널', '관찰', '연필', '매력']"
"사람, 디자인, 브랜드",0,0,"['디자이너', '스타트업', '디자인이론', '오이', '테일', '그레이']"
색연필로 그리는 모던민화 컬러링북,9.4,11,"['다산', '모란', '그림', '전통', '안료', '작품']"
세광뉴바이엘. 3,9.8,41,"['피아노', '어린이', '옥타브', '음계', '덧줄', '셋잇단음표']"
세광 소나티네 앨범(스프링),9.7,56,"['연주', '피아노', '교본', '상품', '교재', '기본']"
스즈키 바이올린 교본. 6(개정판)(CD1장포함),9.8,33,"['작곡가', '실내악', '포지션', '음계', '개인', '화음']"
스즈키 첼로 교본. 2(개정판)(반주보포함),9.6,43,"['악보', '요정', '음반', '메소드', '반주', '오월']"
점잇기&컬러링북: 도시 편(안티 스트레스와 집중력 향상을 위한),9.5,80,"['도안', '시력', '퍼즐 놀이', '건축물', '번호', '색칠']"
포인트 바이엘 1,10,30,"['피아노', '음악 이론', '큰보표', '높은음', '시소', '보표']"
