어른을 위한 두뇌 놀이 책(풀면 풀수록 자꾸만 똑똑해지는),9.4,4,"['스도쿠', '퍼즐', '미로찾기', '넷플릭스', '크리에이티브', '다른그림찾기']"
THE KINFOLK GARDEN(킨포크 가든)(양장본 HardCover),9.3,12,"['일상', '코펜하겐', '호크니', '위안', '파리', '덴마크']"
식물 상담,0,3,"['통풍', '분갈이', '이프', '다육', '페페', '선인장']"
골프 초보자가 가장 알고 싶은 최다질문 TOP 63,10,4,"['유튜브', '스윙', '골프클럽', '골프장', '필드', '백스윙']"
인테리어 디자인과 스타일링의 기본,10,16,"['홈인테리어', '공간 디자인', '배색', '수납', '엘르', '체코']"
대바늘 아란무늬 패턴집 110,9.5,7,"['뜨개', '다이아몬드', '만들기', '워머', '생활공예', '블랙베리']"
그래니 스퀘어 사각 모티브 100 소스북(양장본 HardCover),0,0,"['플라워', '써니', '레인보우', '뜨개', '데이지', '페어리']"
에코 미니멀 살림 연습,10,1,"['심플', '제로웨이스트', '루틴', '세척', '웨이스트', '허브']"
내 강아지 마음 상담소,9.6,61,"['유튜브', '보호자', '산책', '냄새', '배변', '장난감']"
보떼봉떼 데일리 플라워(스프링),10,4,"['위로', '나폴레옹', '꽃 이야기', '꽃말', '지 베르니', '코레']"
스프링북 스도쿠. 1(초급 중급)(스프링),9.6,100,"['일본어', '네모', '스마트폰 사용', '메모', '치매 예방', '두뇌 계발']"
2022 에듀윌 스포츠지도사 필기 한권끝장,8.8,12,"['적중', '한국 체육사', '운동 생리학', '운동 역학', '장애 유형', '매칭']"
나쁜 골프,10,1,"['피니시', '구찌', '용이', '벙커', '슬로우', '맥스']"
2022 성피티의 생활스포츠지도사 2급 필기 합격공식(개정판),9.2,2,"['조선', '정답', '교육', '기출 해설', '운동 역학', '운동 기술']"
쿡 케이의 사랑스러운 동물친구들,0,0,"['고양이', '조조', '테오', '다람쥐', '수수', '판다']"
골프에 미치다: 우선 100타는 깨고 보자,9.9,21,"['백스윙', '유튜브 동영상', '상체', '연습장', '다운스윙', '피니']"
소워니놀이터의 띠부띠부 가게놀이,9.8,8,"['베이커리', '도안', '즐거움', '코팅', '스캔', '튜토리얼']"
카밍 시그널(Calming Signals),8.2,2111,"['반려동물', '반려 견과', '퍼피', '노르웨이', '굿맨', '티벳']"
손뜨개 모티브 & 에징 300(감각적인 니터를 위한)(두근두근 코바늘 레슨),9.5,23,"['뜨개', '코바늘뜨기', '도안', '단색', '레이스', '일러스트']"
도쿄대 수재들의 리얼 종이접기,0,1,"['마룡', '전개도', '버펄로', '마포구', '에밀', '전투기']"
로베르트 레반도프스키(선수 시리즈 2),0,0,"['유럽', '폴란드', '공격수', '뮐러', '뮌헨', '스타일리시']"
식물 디자인의 발견: 초본식물편(오경아의 정원학교 시리즈),9,4,"['조경학', '계절', '플랜트', '색', '질감', '형태']"
크툴루의 부름: 수호자 룰북,9.9,71,"['러브크래프트', '신화', '보드게임', '하워드', '주문', '괴물']"
모던골프(벤 호건),10,13,"['그림', '스윙', '그립', '스탠스', '복습', '지침서']"
더 챔피언(The Champion)(2021-2022): 유럽축구 가이드북,8.5,9,"['바이엘', '프리미어리그', '유나이티', '분데스리가', '맨체스터', '세리에A']"
매일 입고 싶은 남자 니트(MㆍLㆍXL 사이즈로 뜨는),9.1,9,"['손뜨개', '심플', '베이직', '베스트', '뜨개질', '케이블']"
골프 상식사전,9.4,18,"['스윙', '에티켓', '스코어', '팟캐스트', '골프장', '에이프런']"
스포츠멘탈코칭 바이블,0,0,"['코로나', '운동 선수', '몬스터', '코치', '영국', '암살자']"
골프 스윙 최강의 교과서(비거리와 정밀도를 한 차원 끌어올리는),0,0,"['심플', '임팩트', '다운스윙', '드라이버', '백스윙', '어드레스']"
1인 가구를 위한 셀프 집 꾸미기,10,10,"['리버', '독립', '구경', '셀프인테리어', '소품', '예산']"
아르센 벵거 자서전,9.7,23,"['인생', '커리어', '스포츠', '프리미어', '박주영', '자전적에세이']"
케이라플레르 플라워 코스(양장본 HardCover),9.9,17,"['웨딩', '부케', '클래스', '플로 리스트', '행잉', '꽂이']"
대바늘뜨기가 즐거워지는 원더 니트,10,13,"['손뜨개', '워머', '조가비', '소품만들기', '코바늘뜨기', '대바늘']"
골프 스윙의 정석(온몸으로 기억하는)(2판)(반양장),9.1,11,"['그립', '저스틴', '알라딘', '단면', '하체', '올림픽']"
쉽게 뜨는 탑다운 니트,9.7,79,"['손뜨개', '도안', '심플', '유튜브', '스웨터', '페루']"
매일 뜨고 싶은 수세미,10,10,"['손뜨개', '도안', '코바늘', '핸드메이드', '복주머니', '정성']"
숨은 그림 & 미로 찾기(온 가족이 똑똑해지는),10,2,"['미로', '테세우스', '그리스 신화', '크레타', '여가 생활', '미노스']"
스티커 아트북: 랜드마크,9.4,93,"['컬러링', '네이처', '스티커북', '스핑크스', '번호', '광화문']"
인세인,9.9,32,"['공포', '호러', '호러게임', '파트', '케리', '서바이벌']"
인세인. 2: 데드 루프,9.6,20,"['호러', '파트', '케리', '플레이', '서바이벌', '모던']"
오전의 살림 탐구,9.9,27,"['레시피', '심플', '레스', '웨이스트', '공기 청정기', '커리']"
건축탐구 집,10,7,"['건축가', '시공사', '건축주', '동선', '외부 공간', '재료']"
스프링북 스도쿠. 2(고급 고수)(스프링),9.7,53,"['일본어', '네모', '스마트폰 사용', '메모', '치매 예방', '두뇌 계발']"
그린썸의 홈 가드닝 꼼꼼 안내서,10,6,"['유튜브', '다육 식물', '반려식물', '알로에', '원예', '행잉']"
가장 친절한 타로 웨이트 카드 세트(반양장),8.3,26,"['감정', '소드', '스프 레드', '오라클', '예시', '프레드']"
스티커 아트북: 고양이(스티커 아트북 시리즈),9.6,54,"['유튜브', '페르시안', '아메리칸', '봄베이', '로로', '북유럽']"
가가묘묘,10,1,"['건축', '원룸', '반려묘', '주연', '인테리어', '계단실']"
실내에서 이끼키우기,8.1,7,"['심플', '식물', '식충식물', '도감', '미니', '정원']"
올바른 발레 용어(더 발레 클래스 1),9.8,15,"['유튜브', '싱클레어', '올레', '프랑스', '원어', '아방']"
시골땅 집짓기 성공해부학: 설계 토목 시공,0,0,"['개발 행위 허가', '건축설계', '공사', '건축 시공', '건축주', '내집마련']"
정원생활자의 열두 달(양장본 HardCover),9.6,21,"['가드', '화훼', '노트', '정원사', '화분', '행잉']"
셜록 홈즈 퍼즐 게임,0,0,"['왓슨', '게임', '그리스어', '퍼즐북', '브루스', '레이드']"
임진한의 골프가 쉽다,9.7,9,"['피니시', '스페셜', '슬라이스', '경사지', '페어웨이', '다운스윙']"
파크골프 표준교재,0,0,"['경기', '골프장', '에티켓', '규칙', '실기', '그립']"
당신의 몸짓은 개에게 무엇을 말하는가,8.9,16,"['반려동물', '세이프', '문제 행동', '반려견', '프란스', '동물행동학']"
프로골퍼도 몰래 보는 골프책,7.7,7,"['비법', '시니어', '플렉스', '퍼팅', '아이언', '내리막']"
실내 식물 도감(양장본 HardCover),10,4,"['코로나', '디자인', '식충식물', '프로파일', '다육', '화분']"
킨포크(Kinfolk) Vol. 41,0,0,"['지중해', '라이프스타일', '아를', '모로코', '아테네', '라이드']"
당신은 개를 키우면 안 된다,9.7,68,"['반려동물', '탐구생활', '반려 견과', '강아지', '문제행동', '노즈']"
개와 고양이를 위한 반려동물 영양학,10,8,"['영양 관리', '고양이기르기', '단백질', '강아지기르기', '사료', '생리학']"
한미란의 니트교실 코바늘뜨기,9.9,33,"['손뜨개', '뜨개', '원피스', '뜨개질', '코바늘', '대바늘']"
스티커 컬러링: 반 고흐(Sticker Coloring Series 4),9.5,39,"['교회', '빈센트', '조셉', '해바라기', '오베르', '쉬르']"
스티커 아트북: 달콤한 디저트(스티커 아트북 시리즈 2),10,15,"['군고구마', '조각', '마카롱', '팬케이크', '작품', '과일']"
유럽 5대 리그 스카우팅 리포트 2021-22,0,0,"['프리미어', '유럽축구', '유나이티', '맨체스터', '손흥민', '포드']"
스티커 아트북: 명화. 2(스티커북),9.8,34,"['컬러링', '나폴레옹', '스티커북', '네이처', '르누아르', '고갱']"
스티커 아트북: 팝 아트,9.5,60,"['카츠', '스티커북', '앤디 워홀', '티보', '알렉스', '웨인']"
스티커 아트북: 강아지(스티커 아트북 시리즈),9.9,40,"['위로', '사랑', '그레이', '스티커북', '하운드', '액티비티북']"
네모네모 로직 Plus 고급편. 2(기적의 숫자 퍼즐),0,0,"['고수', '플러스', '업그레이드', '편집자', '도전 정신', '정기']"
플로우 골프 클리닉,0,0,"['피니시', '정면', '다운스윙', '드릴', '백스윙', '자세 교정']"
골프와 필라테스,0,0,"['스트링', '소도구', '고관절', '세라', '피니시', '스윙']"
철학이 있는 목공수업,9.6,7,"['라우터', '목공예', '가구', '클램프', '기계', '현대']"
골프의 기쁨,10,1,"['내기', '구찌', '드로우', '골프클럽', '스코어', '캐디']"
메이저리그 전설들. 2(루틴),0,0,"['워런', '크리스티', '샌디', '젠킨스', '로이', '라이언']"
소잉 하루에 Vol. 29: 우리 아이를 위한 특별한 핸드메이드 옷과 소품,10,3,"['베이직', '원피스', 'DIY', '슈트', '만들기', '바디']"
케빈 더브라위너(선수 1)(양장본 HardCover),10,7,"['커리어', '프리미어 리그', '벨기에', '분데스리가', '스타일리시', '레전드']"
마기카로기아: 기본룰북,9.6,6,"['금서', '메인', '마법', '시트', '마케도니아', '시나리오']"
플라워 스쿨(양장본 HardCover),0,4,"['인스타그램', '꽃꽂이', '크레', '플로 리스트', '손질', '장미']"
마이 디어 빈티지(My Dear Vintage)(양장본 HardCover),10,6,"['가구', '체어', '이탈리아', '컬렉션', '유럽 곳곳', '베를린']"
펫로스 사랑한다 사랑한다 사랑한다,10,13,"['위로', '반려 동물', '우울', '이별', '감정', '용기']"
매듭 만들기(개정판 4판)(Hot Craft 1),9.8,16,"['중국', '조선', '도안', '서울시', '혜원', '석가']"
인생 굿즈의 탄생,9.2,15,"['포토샵', '창의력', '동물 캐릭터', '만들기', '마켓', '생활공예']"
소잉디자이너 펫의상 강아지 옷 만들기,10,1,"['원단', '디자인', '소매', '버버리', '패턴', '생활공예']"
네모네모 로직 입문편(기적의 숫자퍼즐),9.5,53,"['취미', '말랑', '초보자', '머리', '연필', '남녀노소 모두']"
네모네모 로직 PLUS: 고급편. 1,10,5,"['퍼즐', '고수', '플러스', '재미', '문제 유형', '업그레이드']"
인기 고양이 도감 48,9.2,7,"['렉스', '반려묘', '레오나르도', '고양이기르기', '페르시안', '마우']"
건강 스포츠영양학 길라잡이(12판),0,0,"['인체', '운동 수행', '탄수화물', '단백질', '체중 감량', '지방']"
고수의 귤 까기 아-트(시선강탈),9,20,"['일본', '호랑이', '노부', '아마존', '멧돼지', '수염']"
왕초보 대바늘 손뜨개,9.3,9,"['뜨개', '코바늘', '뜨개질', '워머', '머플러', '경우']"
멘사 스도쿠 프리미어 500(멘사 스도쿠 시리즈),9.8,44,"['피터슨', '샤론', '데이비스', '도널드', '컴퓨터 프로그래밍', '브라이언']"
슈퍼 스도쿠 500문제 초급 중급(슈퍼 스도쿠 시리즈),9.2,21,"['프로게이머', '스도', '쿠다', '코리', '하워드', '타임스']"
잘 팔리는 캐릭터굿즈 만들기,10,6,"['웹툰', '포토샵', '뽀로로', '캐릭터 그리기', '캐릭터 디자인', '펀딩']"
장은옥의 플로리스트를 위한 절화 이야기(한영대역본),9.9,16,"['플라워', '스프레이', '매리', '릴리', '카라', '나리']"
가드너 다이어리,9.4,27,"['이유미', '가드닝', '유성', '병충해', '잡초', '화분']"
토탈 컨트롤(비즈앤비즈 모터북 시리즈 2),0,0,"['바이크', '레이싱', '브레이킹', '서스펜션', '아메리칸', '테크닉']"
북유럽 스타일 손뜨개 소품(마음까지 따듯해지는),9.3,32,"['뜨개', '코바늘뜨기', '코바늘', '대바늘', '핸드', '크리에이티브']"
산전수전 겪지 않고 시골집 고치기(순탄한 전원생활을 꿈꾸는 이를 위한),10,3,"['목조', '한옥', '데크', '전원주택', '수리', '귀농 귀촌']"
곁에 두고 보는 옷 만들기 노트,9.7,37,"['옷만들기', '원단', '원피스', '재봉', '바느질', '소매']"
그 자리에 식물 하나 있는 것만으로(소소익선 1),0,0,"['도쿄', '우프', '플랜테리어', '다육 식물', '관리법', '분갈이']"
이세돌 바둑 첫걸음(가장 쉬운 독학),9.4,31,"['행마', '사활', '수상전', '내기', '바둑판', '집짓기']"
스티커 아트북: 명화(스티커북),9.5,108,"['컬러링', '비너스', '스티커북', '레오나르도', '진주 귀걸이', '라파엘로']"
스티커 아트북: 세계의 조각,10,22,"['라오콘', '투탕카멘', '밀로', '다비드', '로댕', '미켈란젤로']"
텃밭농사 무작정 따라하기,9.8,57,"['채소', '작물 재배', '대한민국', '뿌리', '뿌리채소', '해충']"
성피티의 스포츠지도사 2급 보디빌딩 실기/구술 합격공식,10,7,"['성우', '빈출', '웨이트', '복근', '피지', '하체']"
사계절 손뜨개 양말(누구나 쉽게 따라 하는),9.8,12,"['뜨개', '도안', '대바늘', '리버티', '홀리데이', '마티스']"
NASM의퍼스널 트레이닝(6판),9.8,11,"['인체', '영양', '운동 프로그램', '심폐', '근육계', '플라이']"
사계절 꽃 모티브 200 손뜨개 도안집,9.6,28,"['뜨개', '도안', '코바늘뜨기', '코바늘', '뜨개질', '토트백']"
20212022 V 리그 스카우팅리포트,10,2,"['한국전력', '배구', '페퍼', '의정부', '하이패스', '도쿄 올림픽']"
로또9단 1등 분석기법(큰글씨),9.6,33,"['유튜브', '필수 패턴', '번호', '확률', '조합', '통계']"
보태니컬 입체 자수(두근두근 자수 레슨),9.5,17,"['플라워', '코스모스', '장식', '초콜릿', '캐모마일', '액세서리']"
365일 앵무새 키우기(한 권으로 마스터하는),9.8,12,"['유튜브', '반려 동물', '핸드', '문제 행동', '장난감', '빈집']"
감 매거진(GARM Magazine). 7: 철재,10,11,"['포스코', '최진석', '아키', '박남준', '김병호', '건축 재료']"
정리 잘하는 사람은 이렇게 합니다,10,2,"['미니멀라이프', '도쿄', '폴더', '학습', '지선', '수납']"
데코폴리 스티커 컬러링 북: 제주풍경,9.6,10,"['도안', '폴리곤', '스티커북', '로우', '제주도', '컨셉']"
휴먼 퍼포먼스와 운동생리학(전정판),8.3,13,"['순환계통', '신경계통', '호흡계통', '내분비계통', '체지방', '근육 계통']"
네모네모 로직 Plus. 3,10,1,"['그림', '퍼즐', '플라멩코', '업그레이드', '스윙', '숫자']"
새로운 코바늘 손뜨개의 기초(쉽게 배우는),9.6,88,"['코바늘뜨기', '워머', '방법', '모티브', '원형', '배색']"
인기 강아지 도감 174,9.5,36,"['반려동물', '테리어', '아이리시', '반려견', '오스트', '애견기르기']"
운동생리학(스포츠 스타와 만나는)(2판),10,2,"['인체', '팩 트 체크', '유산소', '체온조절', '골격근', '호흡']"
멘사 추리 퍼즐. 1(IQ 148을 위한)(IQ 148을 위한 멘사 퍼즐),9.1,24,"['논리 게임', '사고', '코리아', '트릭', '논리', '두뇌 계발']"
슈퍼 스도쿠 익스트림,9.6,11,"['스테이지', '트릭', '최상급', '두뇌 트레이닝', '극한', '동안 집중력']"
모두의 가로세로 낱말퍼즐 추리,10,10,"['추리', '어휘력', '뉴 노멀', '안중근', '도마', '삼국지']"
반려견 맞춤 간식 100선(오지와 함께 만드는)(반양장),9.8,9,"['단호박', '파워 블로거', '파운드', '수제', '오리', '소고기']"
어서 와 반려견은 처음이지?,9.9,109,"['반려동물', '견과', '배변 훈련', '보호자', '응급처치', '입양']"
자전거 메인터넌스(자전거의 모든 것을 알 수 있는),9.1,8,"['케이블', '레버', '교환', '조정', '서스펜션', '릴리스']"
유도교본(New),9.3,12,"['낙법', '대련', '회전', '플랭크', '허리', '기술 요소']"
언성 듀엣,10,2,"['시나리오', '이계', '듀엣', '롤 플레이', '프래', '라리']"
디즈니 프렌즈(스티커 컬러링 1),9.8,39,"['미키 마우스', '덤보', '미니', '번호', '선물 상자', '코끼리']"
디즈니 프린세스(스티커컬러링 3),9.5,21,"['라푼젤', '스티커북', '인어공주', '알라딘', '폴리곤', '오로라']"
디즈니 애니멀 프렌즈(스티커 컬러링 5),10,4,"['친구', '퍼즐', '레이디', '폴리곤', '밤비', '색색']"
프로골퍼도 몰래 보는 골프책. 2,9.5,3,"['비법', '스윙', '시니어', '퍼팅', '어프로치', '타법']"
아름다운 정원 조경 레시피 85(양장본 HardCover),10,12,"['녹음', '식물재배', '데크', '화훼', '손질', '옹벽']"
스티커 아트북: 네이처(스티커북),9.8,37,"['호랑이', '카라', '아프리카', '스티커북', '기린', '마지막 작품']"
니트 손뜨개(누구나 쉽게 따라 하는),9.6,13,"['도안', '워머', '배색', '무늬', '풀오버', '조끼']"
네모네모 로직 Plus. 4,0,0,"['퍼즐', '호러', '업그레이드', '테마', '구미호', '등골']"
"치매 예방 ＆ 두뇌 트레이닝. 1-1(할머니, 할아버지와 함께하는)",9.8,12,"['트레', '기억력', '이해력', '사고력', '손자', '존엄']"
운동 기능해부학(20판),8.9,8,"['어깨 관절', '노자', '무릎 관절', '견관절', '슬관절', '경근']"
가방 패턴 만들기,9.2,28,"['원단', '토트백', 'DIY', '주머니', '지퍼', '형태']"
트렌디한 남성복 만들기(개정판)(소잉 하루에 Vol. 20),10,9,"['옷만들기', '러스트', '피플', '팬츠', '서적', '아시아']"
2021 2022 프리미어리그 가이드북(Premier League Guide-Book),10,5,"['커리어', '손흥민', '포드', '리버풀', '레스터', '웨스트']"
피카파우 동물친구들,9.6,25,"['코바늘뜨기', '코바늘', 'DIY', '뜨개질', '드래곤', '르네']"
