4~7세보다 중요한 시기는 없습니다,9.6,148,"['육아', '성장', '로드맵', '주의력', '평생 공부', '지식']"
어떻게 말해줘야 할까,8.9,14388,"['철학', '성장', '자존감', '멘토', '교육', '육아 전문가']"
EBS 당신의 문해력(EBS 부모교육),9.8,50,"['자녀교육', '어휘력', '디지털', '키즈', '학령기', '구어']"
아들의 뇌,9.7,33,"['감정', '스마트폰', '다큐프라임', '부모', '대한민국 부모', '수면 습관']"
365 부모 말하기 연습 일력,0,0,"['사랑', '관계 회복', '실수', '일러스트', '대화연습', '내면']"
못 참는 아이 욱하는 부모,8.8,4157,"['자녀교육', '육아', '심플', '훈육', '솔루션', '감정 조절']"
초등 문해력을 키우는 엄마의 비밀. 1,10,5,"['동아리', '여우', '베로니카', '줄리엣', '오즈', '서울대']"
임신 출산 육아 대백과(2021~2022)(개정판),9.4,105,"['육아법', '산후 조리', '모유 수유', '태교', '임신부', '예비엄마']"
삐뽀삐뽀 119 소아과(개정판 12판),8.9,1642,"['육아법', '아기', '이유식', '청정기', '자녀양육', '아이']"
아이와의 관계는 아빠의 말투에서 시작됩니다,10,6,"['자녀교육', '기아차', '엄마', '솔루션', '삼성그룹', '대화']"
아이가 공부에 빠져드는 순간,10,10,"['하버드', '카 이스트', '서울대', '엄마', '영재', '스마트폰']"
나의 상처를 아이에게 대물림하지 않으려면,10,29,"['내면', '사랑', '육아법', '행복', '푸름', '김선미']"
아기 발달 백과(김수연의)(개정판),9.7,82,"['육아법', '근육', '검사', '아기발달', '운동', '놀이']"
수학 잘하는 아이는 이렇게 공부합니다(초중고로 이어지는 바른 공부습관 2),9.8,125,"['수포', '초등수학', '고등 수학', '자기주도학습', '선행', '수포자']"
믿는 만큼 자라는 아이들(4판),9.8,30,"['자녀 교육', '레전드', '교육철학', '부모', '오마이', '이적']"
엄마 나는 자라고 있어요,9.7,101,"['성장', '도약', '변화', '생후', '김수연', '성과']"
불안한 엄마 무관심한 아빠(리커버),9.5,19,"['육아법', '멘토', '행복', '아이 마음', '부모교육', '인성']"
하루 한 장 365 인문학 달력(스프링),9.9,24,"['인생', '멘토', '지혜', '일러스트', '아이 마음', '부모']"
세상에서 제일 재밌는 종이접기(세상에서 제일 시리즈),9.7,373,"['자녀교육', '놀이교육', '비행기', '대백과', '드래곤', '창의력']"
엄마의 어휘력,10,29,"['육아법', '상상력', '언어 놀이', '언어', '비자림', '이때 아이']"
0~5세 말걸기 육아의 힘,9.5,44,"['육아법', '언어 발달', '운동 발달', '발달 장애', '언어 치료', '언어 놀이']"
어느 날 아이가 스스로 공부하기 시작했다,0,2,"['마음', '암기력', '성적', '자존', '죄책감', '메타']"
예민한 아이  잘 키우는 법,9.5,5,"['불안', '양육', '서울대', '기질', '사례', '재능']"
우리 아이 감각운동 처방전,10,3,"['유튜브', '언어 발달', '집중력', '스티커 놀이', '사회성', '문제 행동']"
초중고 영어공부 로드맵(바른 교육 시리즈 18),10,22,"['내신', '수능 영어', '공교육', '고등 영어', '중학', '수업 방법']"
여덟 살 글쓰기,10,5,"['황선미', '아이 눈높이', '서현', '눈물바다', '글 머리말', '한글 공부']"
자유학년제 중2 첫 시험 중학 학부모 생활,10,2,"['유튜브', '로드맵', '습관', '수학', '중학교 교과서', '학습교육']"
똑게육아 올인원,9.4,125,"['육아법', '독박 육아', '타임', '생활습관', '이유식', '식습관']"
초등영어회화 일력 365(이은경쌤의)(스프링),9.8,28,"['멘토', '샐리', '달력', '교육부', '탁상', '생활 회화']"
시보다 좋은 엄마의 말은 없습니다,10,5,"['자녀교육', '자존감', '나태주', '내면', '괴테', '박성우']"
하루 5분 아빠 목소리(CD1장포함),9.4,168,"['창작동화', '임신', '레시피', '미카', '예비엄마', '할배']"
프랑스 아이처럼,9.6,141,"['육아법', '크레', '생활습관', '루소', '식습관', '앙팡']"
하루 5분 탈무드 태교 동화(양장본 HardCover),9.5,134,"['마음', '임신', '노벨상 수상자', '엄마 목소리', '예비엄마', '태담']"
초3보다 중요한 학년은 없습니다,9.6,164,"['자녀교육', '한국사', '초등', '중등 수학', '학습교육', '수학 교과서']"
하루 한 장 임신 출산 데일리북,9.8,32,"['김수연', '운동', '예비아빠', '이지혜', '이영애', '예비 엄마']"
10대 놀라운 뇌 불안한 뇌 아픈 뇌,10,22,"['우울증', '아이 건강', '사춘기', '조언', '부모 자녀', '정신건강']"
말투를 바꿨더니 아이가 공부에 집중합니다,10,13,"['자녀교육', '스마트폰', '부모', '고민', '집착', '서울대']"
초등생의 수학 학부모의 계획,9.4,7,"['로드맵', '공부', '중등 수학', '현직 교사', '서현', '영재교육']"
오은영의 사춘기 터널 통과법 세트(전2권),9.8,21,"['작가', '아이', '오늘 하루', '속 마음', '서로', '부모 사이']"
초등생을 위한 수학 공부몸 만들기(바른 교육 시리즈 20),10,1,"['수능', '질문', '성적', '이유', '불꽃', '아이 공부']"
베이비 위스퍼 골드,9.5,39,"['육아법', '육아 방식', '월령', '애덤', '니콜라스', '식습관']"
2022 엄마의 하루,0,0,"['다이어리', '응원', '순위', '다정', '버킷 리스트', '오늘']"
두 단어 영어공부법,10,8,"['유튜브', '숫자 놀이', '블록 놀이', '엄마 표 영어', '아기 동물', '시기']"
0~5세 뇌가 쑥쑥 자라는 놀이 육아,9.6,28,"['육아법', '놀이교육', '으랏차차', '가나다', '어드벤처', '날아라']"
신의진의 아이심리백과(30만 부 기념 최신 증보판),0,10,"['자녀교육', '육아', '살아요', '스마트폰', '부모', '양육태도']"
현서네 유튜브 영어 학습법(하루 1시간),8.5,27,"['넷플릭스', '영어회화', '엄마 표 영어', '자신감', '교육용', '교육 방법']"
문해력 수업(평생 공부의 기초 체력을 키우는),10,10,"['공부', '문맹', '독서', '소리', '성적', '읽기']"
"첫째 아이 마음 아프지 않게, 둘째 아이 마음 흔들리지 않게",9.3,55,"['육아법', '멘토', '사랑', '부모', '부모교육', '다툼']"
"어쩔 수 없이 허락했는데, 어느새 게임 중독!",10,10,"['솔루션', '스마트폰 태블릿', '아이 마음', '아들', '키즈', '부모 마음']"
한 권으로 끝내는 초등학교 입학준비(2022)(7판),0,3,"['발표력', '생활', '적응', '학부모', '소프트웨어 교육', '성실']"
아빠의 질문력,9.6,30,"['자녀교육', '성공', '공감', '아이', '긍정', '대화']"
잘 자고 잘 먹는 아기의 시간표,9.7,56,"['육아법', '이유식', '블로거', '자녀양육', '모유 수유', '양육법']"
0.1%의 비밀,9.7,19,"['자녀교육', '행복', '성공', '인공지능 시대', '아이 교육', '창의']"
내 아이가 힘겨운 부모들에게,9.6,25,"['자녀교육', '사춘기 아이', '사춘기 자녀', '부모교육', '솔루션', '아동심리']"
요즘 유대인의 단단 육아,0,5,"['멘토', '이스라엘', '탈무드', '밀레', '컨템포러리', '텔아비브']"
슬기로운 중학교 입학 준비,9.8,19,"['유튜브', '중학생', '멘토', '수행평가', '내신 성적', '온라인 수업']"
내 아이가 최고 밉상일 때 최상의 부모가 되는 법,0,0,"['육아', '내면', '변화', '연민', '태도', '노하우']"
1% 학습 코칭(99% 헛고생을 피하는),10,11,"['자녀교육', '어휘력', '습관', '스마트폰', '멘붕', '국어사전']"
게임 현질하는 아이 삼성 주식 사는 아이(초등생활 디자인 프로젝트 1),10,23,"['용돈 기입장', '사회생활', '용돈 관리', '금융 지식', '용돈', '상담소']"
하루 5분 뇌태교 동화(양장본 HardCover),9.8,32,"['임신', '창작 동화', '김영훈', '토토', '몬스터', '레오']"
엄마와 아이가 반드시 알아야 할 슬기로운 고등생활,10,10,"['내신', '자녀교육', '공부법', '입시 정보', '입시 전형', '입시 제도']"
"잠수네 초등 1, 2학년 공부법(개정증보판)",9.5,97,"['로드맵', '퍼즐', '수학 문제집', '공부습관', '사고력 수학', '학습방법']"
베이비 몬테소리 육아대백과,10,6,"['사랑', '아기', '우조', '존중', '아이디어', '우간다']"
다시 아이를 키운다면,9.3,10,"['육아법', '자녀 교육', '할머니', '멘토', '부모', '자식']"
잠수네 아이들의 소문난 영어공부법: 통합로드맵,9.4,152,"['자녀교육', '공부법', '멘토', '오디오북', '베이직', '집중']"
어떻게 말해줘야 할까. 1(큰글자책),10,1,"['철학', '성장', '자존감', '멘토', '교육', '육아 전문가']"
"초등, 글쓰기보다 중요한 것은 없습니다",0,0,"['유튜브', '멘토', '어버이날', '독후 활동', '일기', '독서 감상문']"
내 아이를 위한 감정코칭(최성애 존 가트맨 박사의),9.9,48,"['자녀교육', '공감', '하라리', '초등학생 아이', '박사', '소통']"
재테크는 모르지만 부자로 키우고 싶어(with 아이 1),10,5,"['자녀교육', '레시피', '셰프', '주식', '돈 이야기', '대화']"
"우리 아이, 어떻게 사랑해야 할까",10,18,"['행복', '심리치료', '공감', '육아법', '부모교육', '레고']"
신의진의 아이심리백과 0~2세 편(30만 부 기념 최신 증보판),8,285,"['육아법', '엄마', '에디션', '버릇', '수면', '자폐 스펙트럼 장애']"
공부머리 만드는 초등 문해력 수업,10,70,"['정서 발달', '가이드북', '대한민국 부모', '책읽기', '멸종 위기 동물', '말놀이']"
엄마의 말 공부(개정증보판),8.3,164,"['자녀교육', '육아', '코로나 시대', '아이 마음', '부모교육', '대화법']"
중학교 입학 가이드,10,1,"['로드맵', '체험학습', '스터디', '독서 시간', '공부 방법', '학교 생활 기록부']"
입시를 알면 아이 공부가 쉬워진다,10,12,"['내신', '수능', '마이스터', '적성', '자유 학기제', '엄마']"
우리 아이 영어책 지도,10,17,"['자녀교육', '뉴베리상', '영어학습', '그래픽 노블', '킨더', '외국어']"
메타인지 학습법,9.5,162,"['내면', '공부법', '심리학', '경주', '거북이', '학습교육']"
오늘 하루가 힘겨운 너희들에게(오은영의 사춘기 터널 통과법 아이편),9.7,20,"['자녀교육', '부모', '연세대', '오늘 하루', '귀차 니즘', '스마트폰']"
영유아 몬테소리 육아대백과,9.6,38,"['유아', '감정', '어메이징', '시간 아이', '아이 눈높이', '방법 아이']"
라온이네 사계절 자연미술놀이(바른 교육 시리즈 17),9.2,18,"['크리스마스', '스몰', '창의력', '월드', '그림그리기', '트레이']"
감정조절 훈육법(0세부터 시작하는),8.1,699,"['자녀교육', '하버드', '아기', '발달 특성', '양육법', '솔루션']"
작은 변화에도 걱정이 많아지는 예비 엄마들에게,0,5,"['임신부', '가이드북', '태아', '여성건강', '자연 분만', '가요']"
아이를 위한 하루 한 줄 인문학,9.3,245,"['인생', '자녀교육', '내면', '자존감', '필사 노트', '포인트']"
초등 입학 준비를 위한 사회 상황 이야기 그림책 세트(전6권),0,0,"['초등학생', '어린이', '부모교육', '가방', '느린학습자', '학용품']"
결혼은 환상이고 부부는 현실이다,9.1,20,"['호랑이', '슬기', '생활', '이혼 사유', '외도', '재혼']"
육아가 두려운 엄마들에게,0,0,"['내면', '정신 분석가', '강연', '영국', '아이', '건강 교육']"
잠수네 프리스쿨 영어공부법,9.2,98,"['자녀교육', '공부법', '로드맵', '파닉스', '베스트', '영어학습법']"
내 생애 첫 임신 출산 육아책(2022)(6판),9.5,63,"['아기', '이유식', '자연 분만', '모유', '신생아', '임신부']"
골든타임 책육아(0~6세),9.7,14,"['멘토', '독서 습관', '엄마', '두뇌 훈련', '이야기 그림책', '동화']"
어떻게 말해줘야 할까. 2(큰글자책),0,0,"['철학', '성장', '자존감', '멘토', '교육', '육아 문제']"
초보 아빠가 꼭 알아야 할 임신 출산 육아법,9.3,22,"['육아법', '독박 육아', '대디', '아이 건강', '엄마', '아내']"
하루 5분 엄마 목소리(CD1장포함),9.7,93,"['창작동화', '임신', '레이디', '예비엄마', '아이', '태담']"
완전학습 바이블,9.7,184,"['자녀교육', '유튜브', '국어 공부', '공부 머리', '학습교육', '과학 공부']"
엄마의 말하기 연습,8.5,4277,"['위로', '자녀교육', '육아법', '마음', '자존감', '대신']"
하브루타야 부탁해,0,0,"['그림책', '인공지능', '유아', '루타', '삼총사', '창의']"
현명한 부모는 아이를 느리게 키운다,10,39,"['자녀교육', '육아법', '영재', '바바', '연세대', '감정 조절']"
결과가 증명하는 20년 책육아의 기적,8.8,429,"['자녀교육', '유튜브', '독후 활동', '예쁘다', '독서교육', '독서 시간']"
하루 15분 책읽어주기의 힘(아이의 두뇌를 깨우는)(개정판),10,5,"['그림책', '자녀교육', '리터', '북 클럽', '책읽기', '렉사']"
하루 한마디 인문학 질문의 기적,9.1,148,"['일상', '내면', '소크라테스', '아이 마음', '괴테', '자기주도력']"
"내가 들어보지 못해서, 아이에게 해주지 못한 말들",9.6,45,"['성장', '심리학', '육아', '상처', '산부인과 의사', '스마트폰']"
"하루 10분, 엄마놀이",8.3,76,"['놀이교육', '멘토', '과학 놀이', '수학 놀이', '퍼즐 놀이', '숫자']"
모든 아이는 특별하다,9.9,12,"['자녀교육', '인공지능', '멘토', '육아', '엄마', '캐슬']"
초등 자존감 수업,9.7,108,"['교사', '사춘기 아이', '엄마', '학교생활', '오뚝이', '초등입학']"
자녀교육 베스트 100(세계 최고 석학들이 추천하는),9.4,36,"['하버드', '자존감', '심플', '진로', '스탠퍼드', '커뮤니케이션 능력']"
신의진의 아이심리백과 3~4세 편(30만 부 기념 최신 증보판),9.7,19,"['육아법', '습관', '스마트폰', '타요', '에디션', '사회성']"
대치동에 가면 니 새끼가 뭐라도 될 줄 알았지?,9.4,11,"['자녀교육', '플라톤', '루소', '시애틀', '자크', '대치']"
초등 자기주도 공부법,9.8,48,"['자녀교육', '주도', '공책', '학습교육', '아이', '자기주도학습']"
공부머리는 문해력이다,9.6,127,"['과학고', '수능 국어', '국어 실력', '국어 능력', '대학 입시', '아이']"
100일 완성 초등 영어 습관의 기적,10,21,"['에세이', '글쓰기', '공부법', '도전', '외국어', '실천법']"
나중에 후회 없는 초등 학부모 생활,9.1,18,"['한국사', '옆집 아이', '슬기', '오랫동안 아이', '방학', '스마트폰 중독']"
행복수업(최성애 박사의),10,32,"['심리학', '부부 갈등', '부부 관계', '부모교육', '말콤 글래드웰', '솔루션']"
읽기 혁명(크라센의)(반양장),8.6,689,"['만화책', '책읽기', '스리랑카', '영어교육', '언어교육', '교육방법']"
민주선생님’s 똑소리나는 육아: 우리 아이 훈육편,10,22,"['유튜브', '코칭', '솔루션', '정서 발달', '언어 발달', '양육자']"
엄마와 보내는 20분이 가장 소중합니다,0,1,"['유튜브', '멘토', '스마트폰', '과학 공부', '멘토링', '이은경']"
아이들을 놀게 하라,10,5,"['자녀교육', '핀란드', '놀이', '로빈슨', '유엔', '윌리엄']"
초등 매일 글쓰기의 힘,9.8,35,"['로드맵', '습관', '멘토', '영어 글쓰기', '독 서록', '일기']"
칼 비테 교육법,9,125,"['자녀교육', '페스탈로치', '영재', '부모교육', '기네스북', '양육법']"
하루 3줄 초등 문해력의 기적,10,1,"['평생 공부', '글쓰기 공부', '사춘기 아이', '교과 공부', '사회 공부', '국어사전']"
감각통합놀이,8.9,32,"['블록 놀이', '놀이 방법', '날아라', '비눗방울', '전정', '시 지각']"
그 집 아들 독서법(초중고로 이어지는 바른 공부습관 1),9.5,48,"['그림책', '독서 일기', '준서', '브릭', '독서 효과', '팟캐스트']"
틀 밖에서 놀게 하라,8.8,3219,"['자녀교육', '육아', '멘토', '영재교육', '영재 교육', '상상력']"
Hello 베이비 Hi 맘(헬로 베이비 하이 맘)(개정판 3판),9.3,49,"['블록 놀이', '영어교육', '인형 놀이', '병원 놀이', '모래 놀이', '숫자 놀이']"
그림책 놀이 일 년 열두 달(공부머리 만드는)(개정판),9.4,43,"['크리스마스', '책 놀이', '독서교육', '소명', '꾸러미', '리틀']"
New 임신 출산 육아 대백과(산부인과 전문의가 직접 쓴),9.7,57,"['육아법', '검사 결과', '혈액 검사', '태교', '임산부', '예비엄마']"
엄마표 영어 17년 보고서,9.2,105,"['자녀교육', '공부법', '그림책', '파닉스', '리더스', '동요']"
영어책 읽기의 힘,8.6,495,"['그림책', '파닉스 교재', '독서교육', '파닉스 학습', '스토리텔링', '어휘']"
사춘기 자존감 수업,10,2,"['내면', '공부', '전략', '감정 조절', '존중', '결정']"
0~5세 애착 육아의 기적,9.6,58,"['육아법', '아이 사이', '부모 자신', '문제 행동', '놀이 활동', '본능']"
박혜란 자녀교육 3종 세트(전3권),10,2,"['자녀교육', '육아법', '인공지능', '멘토', '위로', '대한민국']"
아들 때문에 미쳐버릴 것 같은 엄마들에게,9.6,141,"['육아법', '자녀교육', '남자 아이', '아들키우기', '육아 정보', '스마트폰']"
1세 아이 잘 키우는 육아의 기본(육아의 기본 시리즈 1: 0-12개월),8.9,13,"['초보 엄마', '아이 건강', '발달', '모유 수유', '신생아', '홈 스쿨']"
아이의 두뇌를 춤추게 하는 음악 놀이,10,3,"['로드맵', '바이엘', '체르니', '재능', '작곡가', '부모']"
미라클 베드타임,10,18,"['육아법', '자존감', '루틴', '생활 습관', '변화', '마감 시간']"
흔들리지 않고 ADHD 아이 키우기,9.7,17,"['감정', '부모 자신', '경우 부모', '엄마 마음', '솔루션', '안식처']"
아이가 좋아하는 가장 쉬운 그림 그리기,10,38,"['유튜브', '타요', '할로윈', '우주비행사', '엄마 아빠', '인어공주']"
아기 뇌가 즐거운 감성 뇌태교 동화,9.3,45,"['성장', '임신', '좌뇌', '행복', '예비엄마', '출산']"
Talk to My Baby 톡 투 마이 베이비,10,2,"['육아법', '임신', '아기', '그림책', '영어', '언어 자극']"
초6의 독서는 달라야 합니다(바른교육시리즈 19),10,26,"['키라', '마틸다', '샬롯', '수행평가', '문해력', '루이제']"
우리 아이 유치원 보내기,0,0,"['유아', '부모 상담', '알리', '기본 생활 습관', '한글 교육', '입학']"
따뜻하고 단단한 훈육,9.7,53,"['자녀교육', '성공', '트라우마', '아이 마음', '비고츠키', '훈육법']"
